,Family,Pop,Tree,State,Region,Date,lat,lon,Elevation,BudBreak2020_Plasticity
1,AB_05,AB,5,TN,E,9002016,35.55297,-83.49438,1812,0.182873141
2,AB_08,AB,8,TN,E,9002016,35.55212,-83.49259,1785,0.213981361
3,AB_12,AB,12,TN,E,9002016,35.5389,-83.49463,1750,0.195404397
4,AB_16,AB,16,TN,E,9002016,35.53882,-83.49534,1738,0.193931902
5,AB_18,AB,18,TN,E,9002016,35.53945,-83.49375,1769,0.211527897
6,ALB_01,ALB,1,ME,C,11112017,44.3067,-70.84019,455,0.184046055
7,ALB_02,ALB,2,ME,C,11112017,44.30564,-70.84081,524,0.244077129
8,ALB_03,ALB,3,ME,C,11112017,44.30359,-70.84096,523,0.213120281
9,ALB_05,ALB,5,ME,C,11112017,44.30182,-70.83729,573,0.195103264
10,ALB_06,ALB,6,ME,C,11112017,44.30061,-70.83641,589,0.201622879
11,APP_01,APP,1,VT,C,9022017,44.20933,-72.9295,743,0.20756002
12,APP_02,APP,2,VT,C,9022017,44.21172,-72.92999,780,0.218616718
13,APP_03,APP,3,VT,C,9022017,44.22097,-72.92639,896,0.189277019
14,APP_04,APP,4,VT,C,9292017,44.2114,-72.93122,741,0.190058955
15,APP_05,APP,5,VT,C,9272017,44.21034,-72.93051,733,0.186841408
16,APP_06,APP,6,VT,C,9272017,44.21235,-72.93502,658,0.240746316
17,ASC_01,ASC,1,VT,C,10162017,43.43787,-72.45218,883,0.202618315
18,ASC_02,ASC,2,VT,C,10162017,43.43983,-72.45328,847,0.210952751
19,ASC_03,ASC,3,VT,C,10162017,43.44192,-72.45589,861,0.217824784
20,ASC_04,ASC,4,VT,C,10162017,43.4426,-72.45713,870,0.214591534
21,ASC_05,ASC,5,VT,C,10162017,43.44376,-72.45867,879,0.189209248
22,ASC_06,ASC,6,VT,C,10162017,43.44379,-72.45434,967,0.241271737
23,B_02,B,2,VT,C,2192016,44.10929,-73.0714,311,0.181447351
24,B_03,B,3,VT,C,2192016,44.10897,-73.0712,325,0.188913597
25,B_04,B,4,VT,C,2192016,44.10908,-73.0713,328,0.197424173
26,B_05,B,5,VT,C,2192016,44.10836,-73.0715,310,0.213232935
27,B_06,B,6,VT,C,2192016,44.10889,-73.0714,321,0.210252346
28,BAL_01,BAL,1,NY,C,8302017,44.1528,-73.64591,570,0.211097241
29,BAL_02,BAL,2,NY,C,8302017,44.1517,-73.65127,620,0.208371345
30,BAL_03,BAL,3,NY,C,8302017,44.15337,-73.65371,650,0.210231271
31,BAL_04,BAL,4,NY,C,8302017,44.15409,-73.65688,670,0.198547909
32,BAL_05,BAL,5,NY,C,8302017,44.15415,-73.65799,698,0.235464726
33,BAL_10,BAL,10,NY,C,8302017,44.16008,-73.66681,918,0.214536479
34,BBE_01,BBE,1,NH,C,10132017,43.83596,-71.55484,365,0.209018059
35,BBE_02,BBE,2,NH,C,10132017,43.83457,-71.54906,368,0.180554589
36,BBE_03,BBE,3,NH,C,10142017,43.83484,-71.53966,373,0.207271687
37,BBE_04,BBE,4,NH,C,10142017,43.83367,-71.53963,383,0.177518563
38,BBE_05,BBE,5,NH,C,10142017,43.83176,-71.54305,374,0.205675021
39,BER_01,BER,1,ME,C,11262017,44.69079,-70.37595,481,0.206611515
40,BER_02,BER,2,ME,C,11262017,44.69043,-70.37637,487,0.225047482
41,BER_03,BER,3,ME,C,11262017,44.68987,-70.37686,482,0.196799539
42,BER_04,BER,4,ME,C,11262017,44.68953,-70.37609,487,0.20281451
43,BER_05,BER,5,ME,C,11262017,44.68899,-70.37624,492,0.234438623
44,BER_06,BER,6,ME,C,11262017,44.68834,-70.37627,496,0.194667172
45,BFA_01,BFA,1,WV,E,9282017,38.4766,-79.7229,1348,0.204545909
46,BFA_02,BFA,2,WV,E,9282017,38.47666,-79.71849,1325,0.195444349
47,BFA_03,BFA,3,WV,E,9282017,38.47696,-79.71696,1336,0.214487644
48,BFA_04,BFA,4,WV,E,9282017,38.47797,-79.7165,1333,0.208174613
49,BFA_05,BFA,5,WV,E,9282017,38.47892,-79.71738,1328,0.192787102
50,BLA_01,BLA,1,PA,M,9132017,41.11477,-75.59536,475,0.221266143
51,BLA_02,BLA,2,PA,M,9132017,41.11296,-75.59274,499,0.212315371
52,BLA_03,BLA,3,PA,M,9132017,41.11094,-75.58869,513,0.202283057
53,BLA_04,BLA,4,PA,M,9132017,41.11113,-75.58817,513,0.237195062
54,BLA_05,BLA,5,PA,M,9132017,41.11547,-75.59589,510,0.243610431
55,BRA_01,BRA,1,PA,M,9132017,41.15817,-75.53619,520,0.216817532
56,BRA_02,BRA,2,PA,M,9132017,41.15854,-75.53651,531,0.231398091
57,BRA_03,BRA,3,PA,M,9132017,41.16102,-75.53809,528,0.217057211
58,BRA_04,BRA,4,PA,M,9132017,41.16406,-75.54375,531,0.186201483
59,BRA_05,BRA,5,PA,M,9132017,41.15577,-75.52876,539,0.219012312
60,BRB_01,BRB,1,WV,E,10022017,39.11781,-79.58277,988,0.187834904
61,BRB_02,BRB,2,WV,E,10022017,39.11853,-79.58482,985,0.192153747
62,BRB_03,BRB,3,WV,E,10022017,39.11863,-79.58606,983,0.204967996
63,BRB_04,BRB,4,WV,E,10022017,39.11602,-79.58139,986,0.205051386
64,BRU_02,BRU,2,PA,M,9112017,41.35133,-75.17426,539,0.214947957
65,BRU_03,BRU,3,PA,M,9112017,41.34784,-75.20009,551,0.219362602
66,BRU_04,BRU,4,PA,M,9112017,41.3456,-75.20216,559,0.205128078
67,BRU_05,BRU,5,PA,M,9152017,41.34357,-75.20504,570,0.226398543
68,BRU_06,BRU,6,PA,M,9152017,41.34406,-75.20509,570,0.192951904
69,CAM_01,CAM,1,VT,C,10112017,44.30394,-72.91039,538,0.203661809
70,CAM_02,CAM,2,VT,C,10112017,44.31687,-72.90208,808,0.236492467
71,CAM_03,CAM,3,VT,C,10112017,44.32212,-72.88999,1102,0.210887479
72,CAM_04,CAM,4,VT,C,10112017,44.3215,-72.89375,999,0.197534242
73,CAM_05,CAM,5,VT,C,10112017,44.32146,-72.89611,927,0.219095579
74,CAM_06,CAM,6,VT,C,10112017,44.32074,-72.89718,909,0.190401504
75,CR_03,CR,3,NC,E,9002016,35.748862,-82.272246,1819,0.198526726
76,CR_04,CR,4,NC,E,9002016,35.750184,-82.270068,1811,0.20618499
77,CR_05,CR,5,NC,E,9002016,35.75331,-82.270147,1792,0.189121679
78,CR_06,CR,6,NC,E,9002016,35.755691,-82.269877,1776,0.177529938
79,CR_07,CR,7,NC,E,9002016,35.758106,-82.267885,1763,0.190762296
80,CRA_01,CRA,1,WV,E,9272017,38.1888,-80.27092,1072,0.195660578
81,CRA_02,CRA,2,WV,E,9272017,38.19923,-80.27311,1026,0.203115737
82,CRA_03,CRA,3,WV,E,9272017,38.19989,-80.27286,1023,0.173157913
83,CRA_04,CRA,4,WV,E,9272017,38.20064,-80.27233,1023,0.19607822
84,CRA_05,CRA,5,WV,E,9272017,38.20126,-80.27228,1021,0.18569836
85,CRA_06,CRA,6,WV,E,9272017,38.19853,-80.27083,1026,0.201691881
86,CRR_01,CRR,1,PA,M,9122017,41.37048,-76.26347,674,0.214871258
87,CRR_02,CRR,2,PA,M,9122017,41.37093,-76.26328,668,0.210512474
88,DG_04,DG,4,NC,E,9002016,35.78115,-82.2597,1955,0.202018067
89,DG_05,DG,5,NC,E,9002016,35.78197,-82.25905,1915,0.183346034
90,DG_06,DG,6,NC,E,9002016,35.78233,-82.25908,1908,0.179415542
91,DG_08,DG,8,NC,E,9002016,35.78377,-82.25858,1897,0.204172368
92,DG_10,DG,10,NC,E,9002016,35.786327,-82.25755,1922,0.206236309
93,EQU_01,EQU,1,VT,C,9212017,43.13636,-73.13577,608,0.222914588
94,EQU_02,EQU,2,VT,C,9212017,43.14051,-73.14051,701,0.229119603
95,EQU_03,EQU,3,VT,C,9212017,43.14039,-73.13477,744,0.196126453
96,EQU_04,EQU,4,VT,C,9212017,43.15425,-73.12742,975,0.214731781
97,EQU_05,EQU,5,VT,C,9212017,43.15975,-73.1255,1023,0.221109
98,EQU_06,EQU,6,VT,C,9212017,43.1619,-73.12386,1063,0.17735934
99,ESC_01,ESC,1,NY,C,9052017,42.19985,-74.03118,678,0.221771889
100,ESC_02,ESC,2,NY,C,9052017,42.20077,-74.03092,685,0.205131346
101,ESC_03,ESC,3,NY,C,9052017,42.20205,-74.02971,694,0.226692676
102,ESC_04,ESC,4,NY,C,9052017,42.20549,-74.03112,730,0.237692812
103,ESC_05,ESC,5,NY,C,9052017,42.21354,-74.03379,792,0.217245741
104,ESC_06,ESC,6,NY,C,9052017,42.21471,-74.03587,829,0.228643824
105,G13_01,G13,1,PA,M,9122017,41.41342,-76.29673,641,0.207545756
106,G13_02,G13,2,PA,M,9122017,41.41315,-76.29758,639,0.204844109
107,G13_03,G13,3,PA,M,9122017,41.41275,-76.29931,634,0.195813043
108,G13_04,G13,4,PA,M,9122017,41.41232,-76.29998,637,0.221487422
109,G13_05,G13,5,PA,M,9122017,41.41286,-76.2958,640,0.192704337
110,G18_01,G18,1,PA,M,9132017,41.09564,-75.4884,538,0.197024093
111,G18_02,G18,2,PA,M,9132017,41.09326,-75.49049,552,0.183700792
112,G18_03,G18,3,PA,M,9132017,41.09363,-75.48915,560,0.190884368
113,G57_01,G57,1,PA,M,9122017,41.38781,-76.25086,644,0.19079751
114,G57_02,G57,2,PA,M,9122017,41.38786,-76.24996,644,0.196487861
115,G57_03,G57,3,PA,M,9122017,41.39196,-76.24501,635,0.254840029
116,G57_04,G57,4,PA,M,9122017,41.38787,-76.25036,655,0.224824296
117,G57_05,G57,5,PA,M,9122017,41.3885,-76.27803,646,0.204484156
118,G57_06,G57,6,PA,M,9122017,41.39518,-76.24475,632,0.193300094
119,G57_07,G57,7,PA,M,9062017,41.41808,-76.16374,647,0.198790847
120,G57_08,G57,8,PA,M,9062017,41.41875,-76.16496,652,0.21908759
121,G57_09,G57,9,PA,M,9062017,41.41903,-76.16552,652,0.186240579
122,G57_10,G57,10,PA,M,9062017,41.41903,-76.16604,652,0.213012393
123,G57_11,G57,11,PA,M,9062017,41.41982,-76.16662,652,0.216548657
124,GFM_48,GFM,48,NC,E,NA,36.0898,-81.8383,1425,0.181855719
125,GFM_49,GFM,49,NC,E,NA,36.0902,-81.8376,1423,0.20540503
126,GFM_50,GFM,50,NC,E,NA,36.0905,-81.8369,1437,0.18545852
127,GFM_51,GFM,51,NC,E,NA,36.0911,-81.8365,1444,0.186060444
128,GFM_55,GFM,55,NC,E,NA,36.0928,-81.8361,1486,0.219039868
129,GPA_01,GPA,1,WV,E,9292017,38.6156,-79.84402,1363,0.19272882
130,GPA_02,GPA,2,WV,E,9292017,38.61929,-79.8956,1339,0.186486515
131,GPA_03,GPA,3,WV,E,9292017,38.61926,-79.84243,1314,0.188678911
132,GPA_04,GPA,4,WV,E,9292017,38.59968,-79.85046,1147,0.199137094
133,GRE_01,GRE,1,MA,C,9182017,42.6402,-73.17194,929,0.187818518
134,GRE_03,GRE,3,MA,C,9182017,42.63586,-73.16558,1055,0.201222368
135,GRE_04,GRE,4,MA,C,9182017,42.63636,-73.16608,1055,0.175695355
136,GRE_05,GRE,5,MA,C,9182017,42.63514,-73.16494,1013,0.201040625
137,GRE_06,GRE,6,MA,C,9182017,42.63069,-73.17808,934,0.187037362
138,GRE_07,GRE,7,MA,C,9182017,42.63034,-73.18195,888,0.175648182
139,HR_01,HR,1,TN,E,9002016,35.5714,-83.17954,1615,0.18499025
140,HR_02,HR,2,TN,E,9002016,35.5716,-83.17953,1624,0.177799933
141,HR_03,HR,3,TN,E,9002016,35.56898,-83.17448,1627,0.185111765
142,HR_05,HR,5,TN,E,9002016,35.57113,-83.1706,1607,0.191936493
143,HR_06,HR,6,TN,E,9002016,35.57026,-83.16939,1605,0.178481488
144,HR_07,HR,7,TN,E,9002016,35.56706,-83.16762,1595,0.186490616
145,HR_10,HR,10,TN,E,9002016,35.61916,-83.20716,1036,0.216382822
146,HUN_01,HUN,1,NY,C,9072017,42.17801,-74.22929,1221,0.250044981
147,HUN_02,HUN,2,NY,C,9072017,42.17772,-74.2286,1198,0.22054137
148,HUN_03,HUN,3,NY,C,9072017,42.17778,-74.23087,1219,0.230936393
149,HUN_04,HUN,4,NY,C,9072017,42.17897,-74.2295,1203,0.216728064
150,HUN_05,HUN,5,NY,C,9072017,42.17995,-74.22938,1189,0.218921616
151,HUN_06,HUN,6,NY,C,9072017,42.19198,-74.23504,1029,0.191197821
152,HUN_07,HUN,7,NY,C,9072017,42.19412,-74.23513,991,0.201379835
153,IND_01,IND,1,NY,C,9062017,42.16541,-74.20158,646,0.233581586
154,IND_02,IND,2,NY,C,9062017,42.16542,-74.20212,652,0.217991593
155,IND_03,IND,3,NY,C,9062017,42.16714,-74.2009,633,0.198210758
156,IND_04,IND,4,NY,C,9062017,42.16395,-74.20231,641,0.214393775
157,IND_05,IND,5,NY,C,9062017,42.16349,-74.20258,636,0.241342955
158,IND_06,IND,6,NY,C,9062017,42.16228,-74.20313,637,0.212375555
159,JAY_01,JAY,1,VT,C,10062017,44.92981,-72.52965,900,0.198338776
160,JAY_02,JAY,2,VT,C,10102017,44.9235,-72.51746,897,0.226726674
161,JAY_03,JAY,3,VT,C,10102017,44.92305,-72.51562,861,0.224784439
162,KAN_02,KAN,2,NH,C,10222017,44.02552,-71.495,862,0.191773888
163,KAN_03,KAN,3,NH,C,10222017,44.02137,-71.47896,785,0.185848978
164,KAN_04,KAN,4,NH,C,10222017,44.02144,-71.47961,787,0.213470118
165,KAN_05,KAN,5,NH,C,10222017,44.02235,-71.47746,777,0.197817898
166,KAN_06,KAN,6,NH,C,10222017,44.02168,-71.49196,841,0.200468235
167,KIL_01,KIL,1,VT,C,10212017,43.60633,-72.81543,1171,0.215775778
168,KIL_02,KIL,2,VT,C,10212017,43.60703,-72.81634,1170,0.21272821
169,KIL_03,KIL,3,VT,C,10212017,43.60837,-72.8176,1145,0.20928835
170,KIL_04,KIL,4,VT,C,10212017,43.60933,-72.81762,1115,0.200470827
171,KIL_05,KIL,5,VT,C,10212017,43.61079,-72.81821,1072,0.23043401
172,KIL_06,KIL,6,VT,C,10212017,43.61229,-72.8187,1047,0.223934792
173,KOS_01,KOS,1,WV,E,9292017,38.69131,-79.53503,1356,0.186060444
174,KOS_02,KOS,2,WV,E,9292017,38.6894,-79.54405,1419,0.217753994
175,KOS_03,KOS,3,WV,E,9292017,38.69502,-79.54109,1428,0.215033733
176,KOS_04,KOS,4,WV,E,9292017,38.69886,-79.5338,1479,0.195902715
177,KOS_05,KOS,5,WV,E,9292017,38.69966,-79.5335,1488,0.185212162
178,KOS_07,KOS,7,WV,E,9292017,38.7023,-79.5302,1485,0.182770024
179,LEU_01,LEU,1,ME,C,11192017,45.46921,-70.37423,668,0.224123451
180,LEU_02,LEU,2,ME,C,11192017,45.47563,-70.37312,629,0.210952751
181,LEU_03,LEU,3,ME,C,11192017,45.48267,-70.37241,741,0.208342188
182,LEU_04,LEU,4,ME,C,11192017,45.48342,-70.3726,752,0.235649885
183,LEU_05,LEU,5,ME,C,11192017,45.47165,-70.3756,588,0.20319942
184,LOL_01,LOL,1,NH,C,11042017,44.138,-71.71053,865,0.239051906
185,LOL_02,LOL,2,NH,C,11042017,44.14044,-71.72354,957,0.22590252
186,LOL_03,LOL,3,NH,C,11042017,44.14035,-71.72276,950,0.223197932
187,LOL_04,LOL,4,NH,C,11052017,44.14965,-71.7104,1154,0.204035719
188,LOL_05,LOL,5,NH,C,11052017,44.14922,-71.71134,1137,0.220440126
189,MAC_01,MAC,1,NY,C,10132017,44.05343,-73.78043,1317,0.235292848
190,MAC_02,MAC,2,NY,C,10132017,44.05138,-73.78415,1172,0.208253955
191,MAC_03,MAC,3,NY,C,10132017,44.05165,-73.78802,1036,0.196442541
192,MAC_04,MAC,4,NY,C,10132017,44.05131,-73.78914,1014,0.229112268
193,MAC_05,MAC,5,NY,C,10132017,44.05025,-73.78994,969,0.216600018
194,MMF_02,MMF,2,VT,C,9022017,44.52266,-72.80222,998,NA
195,MMF_10,MMF,10,VT,C,9042017,44.53615,-72.81747,1224,NA
196,MMF_13,MMF,13,VT,C,9112017,44.51382,-72.79353,737,0.210416473
197,MMF_14,MMF,14,VT,C,9112017,44.51656,-72.78146,565,NA
198,MMF_20,MMF,20,VT,C,9272017,44.51768,-72.78983,710,NA
199,MMF_21,MMF,21,VT,C,9272017,44.51781,-72.7906,724,NA
200,MMF_24,MMF,24,VT,C,9272017,44.51411,-72.79349,737,0.209053582
201,MPG_01,MPG,1,VT,C,9302017,44.72913,-72.03024,826,0.23328348
202,MPG_02,MPG,2,VT,C,9302017,44.7312,-72.03259,820,0.213865352
203,MPG_03,MPG,3,VT,C,9302017,44.73103,-72.03169,830,0.23130884
204,MPG_04,MPG,4,VT,C,9302017,44.72968,-72.02951,820,0.191392295
205,MPG_05,MPG,5,VT,C,9302017,44.72948,-72.02926,824,0.219524389
206,MPG_06,MPG,6,VT,C,9302017,44.72881,-72.0307,822,0.194037635
207,MRC_02,MRC,2,VA,E,10122016,36.672274,-81.506,1600,0.198680552
208,MRC_07,MRC,7,VA,E,10132016,36.6625,-81.516944,1569,0.200277977
209,MRC_08,MRC,8,VA,E,10142016,36.6625,-81.516111,1554,0.214761576
210,MRC_16,MRC,16,VA,E,10152016,36.65629,-81.54009,1616,0.197647241
211,MRC_18,MRC,18,VA,E,9002016,36.65793,-81.53847,1645,0.207057894
212,MSK_01,MSK,1,NH,C,10232017,44.43429,-71.43275,1197,0.201944839
213,MSK_02,MSK,2,NH,C,10232017,44.43365,-71.41321,1226,0.190241828
214,MSK_03,MSK,3,NH,C,10232017,44.43383,-71.42283,1158,0.217625184
215,MSK_04,MSK,4,NH,C,11252017,44.4242,-71.44677,850,0.206613236
216,MT_01,MT,1,NC,E,9002016,35.7568,-82.2524,1711,0.217222362
217,MT_04,MT,4,NC,E,9002016,35.75649,-82.25134,1678,0.179497291
218,MT_05,MT,5,NC,E,9002016,35.75581,-82.25083,1649,0.219920167
219,MT_07,MT,7,NC,E,9002016,35.75458,-82.24234,1470,0.199361815
220,MT_08,MT,8,NC,E,9002016,35.7524,-82.24024,1420,0.189207944
221,MT_09,MT,9,NC,E,9002016,35.75366,-82.24549,1533,0.19964735
222,MT_10,MT,10,NC,E,9002016,35.75354,-82.245,1525,0.182417346
223,MT_12,MT,12,NC,E,9002049,35.757069,-82.252205,1701,0.19118359
224,NBTIC_543,NBTIC,543,NB,C,9042015,46.22,-67.14,NA,0.232851673
225,NBTIC_552,NBTIC,552,NB,C,9042015,46.18,-67.15,NA,0.229987379
226,NBTIC_565,NBTIC,565,NB,C,9042015,46.66,-67.6,NA,0.23910659
227,NBTIC_623,NBTIC,623,NB,C,9042015,45.48,-66.65,585,0.23131964
228,NBTIC_624,NBTIC,624,NB,C,9042015,45.42,-66.7,682,0.234074055
229,NBTIC_627,NBTIC,627,NB,C,9042015,45.26,-66.49,464,0.224497492
230,NOR_01,NOR,1,NY,C,9052017,42.21991,-74.04099,919,0.199288753
231,NOR_02,NOR,2,NY,C,9052017,42.22041,-74.04166,923,0.2099545
232,NOR_03,NOR,3,NY,C,9052017,42.22059,-74.04261,935,0.218209098
233,NOR_04,NOR,4,NY,C,9052017,42.21969,-74.04345,937,0.198986713
234,NOR_05,NOR,5,NY,C,9052017,42.21886,-74.04497,961,0.205613354
235,NOR_06,NOR,6,NY,C,9052017,42.21925,-74.04668,962,0.231302078
236,OCT_01,OCT,1,MA,C,9192017,42.36216,-73.15527,582,0.220485034
237,OCT_02,OCT,2,MA,C,9192017,42.36126,-73.15881,576,0.225692945
238,OCT_03,OCT,3,MA,C,9192017,42.35426,-73.17902,571,0.223157737
239,OCT_04,OCT,4,MA,C,9192017,42.34901,-73.19077,549,0.215949376
240,OCT_06,OCT,6,MA,C,9192017,42.361,-73.15971,586,0.218848156
241,OCT_08,OCT,8,MA,C,9192017,42.36194,-73.15504,592,0.212818657
242,OKE_01,OKE,1,VT,C,10172017,43.41356,-72.74883,812,0.185307811
243,OKE_02,OKE,2,VT,C,10172017,43.41016,-72.75069,910,0.201732924
244,OKE_03,OKE,3,VT,C,10172017,43.409,-72.74791,935,0.208212538
245,OKE_04,OKE,4,VT,C,10172017,43.40522,-72.75047,1020,0.220530612
246,OKE_05,OKE,5,VT,C,10172017,43.40388,-72.75101,1020,0.226397799
247,OKE_06,OKE,6,VT,C,10172017,43.40847,-72.74814,953,0.215670633
248,OWL_01,OWL,1,VT,C,10012017,44.29606,-72.2939,580,0.213202319
249,OWL_02,OWL,2,VT,C,10012017,44.2958,-72.29314,581,0.22320741
250,OWL_03,OWL,3,VT,C,10012017,44.29611,-72.29464,584,0.207718161
251,OWL_04,OWL,4,VT,C,10012017,44.29652,-72.29517,589,0.204775961
252,PRK_01,PRK,1,WV,E,9282017,38.32659,-80.15412,1440,0.17574509
253,PRK_02,PRK,2,WV,E,9282017,38.33402,-80.15413,1398,0.178763036
254,PRK_03,PRK,3,WV,E,9282017,38.34276,-80.16302,1268,0.188977884
255,PRK_04,PRK,4,WV,E,9282017,38.34618,-80.16209,1262,0.209591159
256,PRK_05,PRK,5,WV,E,9282017,38.34659,-80.16196,1267,0.186476985
257,PRO_01,PRO,1,VT,C,8152017,44.52872,-72.86739,448,NA
258,PRO_02,PRO,2,VT,C,8152017,44.52773,-72.8672,425,0.202866959
259,PRO_03,PRO,3,VT,C,8152017,44.52746,-72.86732,420,0.227522815
260,PRO_04,PRO,4,VT,C,9012017,44.52844,-72.86649,429,0.229330605
261,RP_01,RP,1,TN,E,9002016,35.60925,-83.44671,1617,0.198469797
262,RP_03,RP,3,TN,E,9002016,35.60989,-83.44798,1586,0.18623355
263,RP_05,RP,5,TN,E,9002016,35.61014,-83.45202,1545,0.194118663
264,RP_06,RP,6,TN,E,9002016,35.61018,-83.45275,1537,0.176668976
265,RP_11,RP,11,TN,E,9002016,35.61305,-83.46869,1370,0.204844233
266,SAV_01,SAV,1,MA,C,9202017,42.60101,-73.02749,767,0.198228126
267,SAV_02,SAV,2,MA,C,9202017,42.60059,-73.0264,759,0.216407351
268,SAV_03,SAV,3,MA,C,9202017,42.60036,-73.02493,738,0.190000402
269,SAV_04,SAV,4,MA,C,9202017,42.65836,-73.05849,564,0.19487801
270,SAV_05,SAV,5,MA,C,9202017,42.65893,-73.05984,572,0.195419466
271,SAV_06,SAV,6,MA,C,9202017,42.6589,-73.06075,577,0.21344533
272,SAV_07,SAV,7,MA,C,9202017,42.65743,-73.06254,612,0.213303523
273,SPR_01,SPR,1,PA,M,9142017,41.2067,-75.64813,586,0.194827281
274,SPR_02,SPR,2,PA,M,9142017,41.20095,-75.6479,567,0.204589444
275,SPR_03,SPR,3,PA,M,9142017,41.20177,-75.64116,585,0.258711768
276,SPR_04,SPR,4,PA,M,9142017,41.2021,-75.63768,588,0.212027165
277,SPR_05,SPR,5,PA,M,9142017,41.20205,-75.6366,590,0.201922587
278,TWI_02,TWI,2,NY,C,9062017,42.11969,-74.12601,1064,0.217459451
279,TWI_03,TWI,3,NY,C,9062017,42.1222,-74.12683,1042,0.229853639
280,TWI_04,TWI,4,NY,C,9062017,42.12289,-74.1269,1051,0.213096496
281,TWI_05,TWI,5,NY,C,9062017,42.12367,-74.12727,1074,0.208175863
282,TWI_06,TWI,6,NY,C,9062017,42.12489,-74.12855,1100,0.203115737
283,WA_412,WA,412,NC,E,9002016,35.34417,-83.35255,1285,0.177293717
284,WA_414,WA,414,NC,E,9002016,35.34103,-83.35087,1273,0.181328204
285,WA_416,WA,416,NC,E,9002016,35.33896,-83.3516,1251,0.183754326
286,WA_418,WA,418,NC,E,9002016,35.3378,-83.35202,1264,0.191064498
287,WA_419,WA,419,NC,E,9002016,35.34348,-83.35368,1277,0.196197122
288,WCA_01,WCA,1,NY,C,9082017,42.46577,-74.57816,574,0.223400444
289,WCA_02,WCA,2,NY,C,9082017,42.4851,-74.597,582,0.204241161
290,WCA_03,WCA,3,NY,C,9082017,42.4851,-74.597,582,0.185874307
291,WCA_04,WCA,4,NY,C,9082017,42.48974,-74.5986,566,0.213398096
292,WCA_05,WCA,5,NY,C,9082017,42.48933,-74.59966,568,0.196041925
293,WCA_07,WCA,7,NY,C,9082017,42.49206,-74.64082,571,0.194155292
294,WHI_01,WHI,1,NY,C,9012017,44.39593,-73.90094,893,0.204566325
295,WHI_03,WHI,3,NY,C,9012017,44.39735,-73.89967,881,0.209840905
296,WHI_04,WHI,4,NY,C,9012017,44.39754,-73.89878,877,0.211596574
297,WHI_05,WHI,5,NY,C,9012017,44.3988,-73.8951,852,0.200491762
298,WHI_07,WHI,7,NY,C,9012017,44.37091,-73.90691,1208,0.218129304
299,WHI_12,WHI,12,NY,C,9012017,44.39975,-73.85603,573,0.191519707
300,XBM_02,XBM,2,PA,M,10042017,40.73345,-77.75672,552,0.225520867
301,XBM_03,XBM,3,PA,M,10042017,40.73457,-77.75919,561,0.218138137
302,XBM_04,XBM,4,PA,M,10042017,40.73425,-77.75865,556,0.235247494
303,XBM_05,XBM,5,PA,M,10042017,40.73351,-77.75858,555,0.236337533
304,XBM_06,XBM,6,PA,M,10042017,40.73287,-77.75868,553,0.233555977
305,XBM_07,XBM,7,PA,M,10042017,40.73135,-77.7608,566,0.240163443
306,XCS_01,XCS,1,WV,E,9262017,39.53417,-79.48211,777,0.208005794
307,XCS_03,XCS,3,WV,E,9262017,39.53408,-79.4812,776,0.185904012
308,XCV_01,XCV,1,WV,E,10062017,39.09184,-79.44985,1141,0.184449711
309,XCV_02,XCV,2,WV,E,10062017,39.08964,-79.45225,1129,0.207817946
310,XCV_03,XCV,3,WV,E,10062017,39.08574,-79.4577,1123,0.201466302
311,XCV_04,XCV,4,WV,E,10062017,39.08291,-79.46288,1130,0.202909562
312,XCV_05,XCV,5,WV,E,10062017,39.07191,-79.47373,1113,0.198809849
313,XDS_01,XDS,1,WV,E,10062017,38.97031,-79.34267,1201,0.204116835
314,XDS_02,XDS,2,WV,E,10062017,38.97128,-79.34201,1191,0.18780304
315,XDS_03,XDS,3,WV,E,10062017,38.97446,-79.33907,1203,0.222836581
316,XDS_04,XDS,4,WV,E,10062017,38.98078,-79.33386,1213,0.208964223
317,XDS_05,XDS,5,WV,E,10062017,39.00473,-79.32766,1224,0.193711321
318,XDS_06,XDS,6,WV,E,10062017,39.04542,-79.31111,1210,0.192740341
319,XFS_01,XFS,1,MD,E,9252017,39.70285,-78.93856,825,0.188983461
320,XFS_02,XFS,2,MD,E,9252017,39.70614,-78.93826,827,0.205681418
321,XFS_03,XFS,3,MD,E,9252017,39.70361,-78.94185,820,0.212399173
322,XGL_02,XGL,2,MD,E,9222017,39.50541,-79.27808,815,0.193199082
323,XGL_03,XGL,3,MD,E,9222017,39.56346,-79.27938,815,0.216119929
324,XGL_04,XGL,4,MD,E,9222017,39.56291,-79.28023,815,0.204594144
325,XGL_05,XGL,5,MD,E,9222017,39.56215,-79.27727,809,0.221569629
326,XPK_01,XPK,1,WV,E,10232017,38.56175,-79.49467,1340,0.207781731
327,XPK_02,XPK,2,WV,E,10232017,38.56417,-79.49506,1364,0.199602243
328,XPK_03,XPK,3,WV,E,10232017,38.57069,-79.49226,1309,0.216884084
329,XPK_04,XPK,4,WV,E,10232017,38.56457,-79.49476,1360,0.201331786
330,XSK_01,XSK,1,WV,E,10052017,38.93676,-79.68698,1127,0.200628033
331,XSK_02,XSK,2,WV,E,10052017,38.93525,-79.68056,1101,0.194529698
332,XSK_05,XSK,5,WV,E,10052017,38.94198,-79.66622,919,0.194543929
333,XWS_03,XWS,3,MD,E,9262017,39.66348,-79.09103,787,0.19401082
334,XWS_05,XWS,5,MD,E,9262017,39.65982,-79.09377,788,0.220229641
335,XWS_06,XWS,6,MD,E,9262017,39.65987,-79.09471,788,0.218807741
336,YRB_01,YRB,1,PA,M,9142017,40.96188,-75.62789,493,0.201774607
337,YRB_02,YRB,2,PA,M,9142017,40.96226,-75.62781,489,0.19970003
338,YRB_03,YRB,3,PA,M,9142017,40.96158,-75.6273,490,0.223934792
339,YRB_04,YRB,4,PA,M,9142017,40.96133,-75.62632,490,0.240332452
340,YRB_05,YRB,5,PA,M,9142017,40.96169,-75.62583,493,0.199431809
