"","Family","Pop","Tree","State","Region","Date","lat","lon","Elevation","BudSet2019_Plasticity","BudSet2020_Plasticity","BudBreak2020_Plasticity","growth2019_Plasticity","growth2020_Plasticity"
"1","AB_05","AB",5,"TN","E",9002016,35.55297,-83.49438,1812,0.0973804324227394,0.116854802571511,-0.262494322503802,-0.0687678278740816,-0.0244784392018752
"2","AB_08","AB",8,"TN","E",9002016,35.55212,-83.49259,1785,0.0451739456493086,0.141167574568366,-0.212108773473913,0.0379559250741549,0.330137598295172
"3","AB_12","AB",12,"TN","E",9002016,35.5389,-83.49463,1750,0.0356162530709443,0.135652566077735,-0.242603821929568,0.0441244998095938,0.27183592170395
"4","AB_16","AB",16,"TN","E",9002016,35.53882,-83.49534,1738,0.0777310685421255,0.107013659465416,-0.2467093753452,-0.0676671563379321,0.289275578844845
"5","AB_18","AB",18,"TN","E",9002016,35.53945,-83.49375,1769,0.0454053551994485,0.121824029095889,-0.21264819131208,0.153465775950742,0.0309350885746414
"6","ALB_01","ALB",1,"ME","C",11112017,44.3067,-70.84019,455,0.0565865758017629,0.115001612313965,-0.270169019359494,-0.122994498513344,0.160075988828497
"7","ALB_02","ALB",2,"ME","C",11112017,44.30564,-70.84081,524,0.110762269246645,0.151352883116382,-0.155806660371584,-0.120076979529594,0.276941478354196
"8","ALB_03","ALB",3,"ME","C",11112017,44.30359,-70.84096,523,0.119152596318076,0.11341082582119,-0.213585733378856,0.0944504690798556,0.172181002977346
"9","ALB_05","ALB",5,"ME","C",11112017,44.30182,-70.83729,573,0.0848201485167681,0.149544874990101,-0.244607086551839,0.0402072164577957,0.22540779291849
"10","ALB_06","ALB",6,"ME","C",11112017,44.30061,-70.83641,589,0.0890461698331947,0.130978589319334,-0.234934912714304,-0.114395469318155,0.214347052799944
"11","APP_01","APP",1,"VT","C",9022017,44.20933,-72.9295,743,0.0246333821992528,0.121284304721984,-0.218537540834214,0.0403376185077228,0.312238597635288
"12","APP_02","APP",2,"VT","C",9022017,44.21172,-72.92999,780,0.082372524840383,0.106071256426861,-0.192584651795834,-0.00872820623807906,0.0961762585406063
"13","APP_03","APP",3,"VT","C",9022017,44.22097,-72.92639,896,0.117091848810225,0.107932200759437,-0.26057203275778,0.0449763924266564,0.345628056829265
"14","APP_04","APP",4,"VT","C",9292017,44.2114,-72.93122,741,0.09309863344796,0.128985711951597,-0.261037430554534,0.122566229024137,0.221785619412981
"15","APP_05","APP",5,"VT","C",9272017,44.21034,-72.93051,733,0.0551384375824072,0.152459236509958,-0.258508763745414,0.0626596376634414,0.0392150229880836
"16","APP_06","APP",6,"VT","C",9272017,44.21235,-72.93502,658,0.0637121895886863,0.110698456279623,-0.164063350970362,0.0878838658579797,0.138623626604257
"17","ASC_01","ASC",1,"VT","C",10162017,43.43787,-72.45218,883,0.0504347891431501,0.136022032933788,-0.227006250047088,-0.309588572559151,0.382849378308215
"18","ASC_02","ASC",2,"VT","C",10162017,43.43983,-72.45328,847,0.0654812311731507,0.11555761149579,-0.211502841535098,-0.0581297618749958,0.314328539273734
"19","ASC_03","ASC",3,"VT","C",10162017,43.44192,-72.45589,861,0.0576771245495352,0.127976992789351,-0.208195439830056,-0.0571635320153751,0.137974869575768
"20","ASC_04","ASC",4,"VT","C",10162017,43.4426,-72.45713,870,0.0926775691932176,0.111541369028166,-0.204921872229714,0.0211351091528184,0.328631395108232
"21","ASC_05","ASC",5,"VT","C",10162017,43.44376,-72.45867,879,0.117035796963516,0.131041830562696,-0.257526185706111,0.178538248972612,0.301771137864738
"22","ASC_06","ASC",6,"VT","C",10162017,43.44379,-72.45434,967,0.0237763859238004,0.141182721085379,-0.160542098598015,0.0124454879850756,0.119796481083216
"23","B_02","B",2,"VT","C",2192016,44.10929,-73.0714,311,-0.00779655786633876,0.121376123726375,-0.276247694525314,-0.185947487632536,-0.0556090134800965
"24","B_03","B",3,"VT","C",2192016,44.10897,-73.0712,325,0.0882337636535104,0.12687369055654,-0.254669646994407,0.000662076980425349,0.22967270667083
"25","B_04","B",4,"VT","C",2192016,44.10908,-73.0713,328,0.00969564860236671,0.136581548996954,-0.239244184983663,-0.18423661107273,0.232418454044461
"26","B_05","B",5,"VT","C",2192016,44.10836,-73.0715,310,-0.00308115438990763,0.127426313234063,-0.207142810289642,0.074441784983433,0.227217640831272
"27","B_06","B",6,"VT","C",2192016,44.10889,-73.0714,321,0.0549255398921178,0.120458478465314,-0.22644498826754,-0.079815265653316,0.340249745344481
"28","BAL_01","BAL",1,"NY","C",8302017,44.1528,-73.64591,570,0.0399330503949817,0.11807708946608,-0.21295809284068,0.10505680249105,0.00243090119941914
"29","BAL_02","BAL",2,"NY","C",8302017,44.1517,-73.65127,620,0.042633651204014,0.110152555617695,-0.22776582923733,-0.0658064095642586,0.256869511960954
"30","BAL_03","BAL",3,"NY","C",8302017,44.15337,-73.65371,650,0.107097546079912,0.120591648664826,-0.21324815125279,-0.0610810282442142,0.113336746648626
"31","BAL_04","BAL",4,"NY","C",8302017,44.15409,-73.65688,670,0.0674626413622708,0.116290111371461,-0.241013724448439,-0.24875736143345,0.0718195189741116
"32","BAL_05","BAL",5,"NY","C",8302017,44.15415,-73.65799,698,0.060324643628709,0.124974322284707,-0.174549458092406,0.065610970312188,0.0132050920918788
"33","BAL_10","BAL",10,"NY","C",8302017,44.16008,-73.66681,918,0.103233031478394,0.122857413508405,-0.220575279916264,0.0866080991666141,0.23853073568196
"34","BBE_01","BBE",1,"NH","C",10132017,43.83596,-71.55484,365,0.122662224374975,0.119097998814323,-0.214973404912678,0.220083582145488,0.152836249691079
"35","BBE_02","BBE",2,"NH","C",10132017,43.83457,-71.54906,368,0.0917023815608105,0.141352973608494,-0.266942956296393,0.0752817801213384,0.294381818461799
"36","BBE_03","BBE",3,"NH","C",10142017,43.83484,-71.53966,373,0.0956622552042653,0.121413344439675,-0.231799295665196,-0.127715092378091,0.18407193442476
"37","BBE_04","BBE",4,"NH","C",10142017,43.83367,-71.53963,383,0.0639550505832245,0.111568441003848,-0.27400832745242,0.0304119752707205,0.132877128619127
"38","BBE_05","BBE",5,"NH","C",10142017,43.83176,-71.54305,374,0.115310512953333,0.11043286957252,-0.224370414496451,0.282885557321022,0.226438169304159
"39","BER_01","BER",1,"ME","C",11262017,44.69079,-70.37595,481,0.113738960986423,0.10738308474387,-0.230784713915888,0.198712703596902,0.185467961070478
"40","BER_02","BER",2,"ME","C",11262017,44.69043,-70.37637,487,0.137126811084165,0.110879599508374,-0.190017224518643,0.293862644264539,0.249541085647183
"41","BER_03","BER",3,"ME","C",11262017,44.68987,-70.37686,482,0.112047512860893,0.124516730336717,-0.229177965523438,0.144299750780204,0.0453995174636812
"42","BER_04","BER",4,"ME","C",11262017,44.68953,-70.37609,487,0.119741702877253,0.145716907289913,-0.223243993547711,0.210935378904324,0.0453578324720545
"43","BER_05","BER",5,"ME","C",11262017,44.68899,-70.37624,492,0.0875868210342758,0.126838002540928,-0.174912032345918,0.174575358922562,0.180224983275718
"44","BER_06","BER",6,"ME","C",11262017,44.68834,-70.37627,496,0.0383690106119637,0.101715374668937,-0.238799332377206,-0.161679527916814,0.077158389048065
"45","BFA_01","BFA",1,"WV","E",9282017,38.4766,-79.7229,1348,0.106191145428677,0.114175219040892,-0.21687718262577,0.138391095896486,0.0586548586951141
"46","BFA_02","BFA",2,"WV","E",9282017,38.47666,-79.71849,1325,0.0872682249612828,0.119442407273964,-0.234947580909037,-0.00386861059895187,0.149703942175352
"47","BFA_03","BFA",3,"WV","E",9282017,38.47696,-79.71696,1336,0.0956837074155665,0.137563315555616,-0.204868939839156,0.244738100906478,0.240141326771172
"48","BFA_04","BFA",4,"WV","E",9282017,38.47797,-79.7165,1333,0.15598326725963,0.0919446691130012,-0.20681616963441,0.229415840797188,-0.0724626318415158
"49","BFA_05","BFA",5,"WV","E",9282017,38.47892,-79.71738,1328,0.0876020571348137,0.130110126886477,-0.258262327344669,0.000508061878282411,0.0486561037279612
"50","BLA_01","BLA",1,"PA","M",9132017,41.11477,-75.59536,475,0.063790218305555,0.127986433232247,-0.193496679494001,-0.157484390611114,0.101796679768936
"51","BLA_02","BLA",2,"PA","M",9132017,41.11296,-75.59274,499,0.0895342044454388,0.111391328995931,-0.202075914683058,0.157153061800944,-0.0465422565273774
"52","BLA_03","BLA",3,"PA","M",9132017,41.11094,-75.58869,513,0.111506178631231,0.101459624592414,-0.231391391431989,0.100864079649339,-0.244112369145882
"53","BLA_04","BLA",4,"PA","M",9132017,41.11113,-75.58817,513,0.0785081289042976,0.113764607545919,-0.175677975892845,0.274903006945075,0.197482299610965
"54","BLA_05","BLA",5,"PA","M",9132017,41.11547,-75.59589,510,0.187894793202675,0.110863742188024,-0.156445042751432,0.397619113301924,-0.147223480910497
"55","BRA_01","BRA",1,"PA","M",9132017,41.15817,-75.53619,520,0.0831025095377697,0.136170233889641,-0.202075938157367,0.00434090361712291,0.0944395357056161
"56","BRA_02","BRA",2,"PA","M",9132017,41.15854,-75.53651,531,0.0467476958263465,0.119979371863991,-0.180793967932818,0.184856470324633,0.211019101082221
"57","BRA_03","BRA",3,"PA","M",9132017,41.16102,-75.53809,528,0.0928280003587995,0.116602317795878,-0.203489200724842,0.0986373767226104,-0.192632622191599
"58","BRA_04","BRA",4,"PA","M",9132017,41.16406,-75.54375,531,0.0904492612317689,0.106465086701719,-0.255785150045915,0.176801327036242,-0.0206511376101771
"59","BRA_05","BRA",5,"PA","M",9132017,41.15577,-75.52876,539,0.101834100475307,0.148254252677516,-0.202222053059277,0.374046017683078,0.153273463623558
"60","BRB_01","BRB",1,"WV","E",10022017,39.11781,-79.58277,988,0.112924000459837,0.113213623045891,-0.250603646766236,0.1623283526008,0.0836095113646317
"61","BRB_02","BRB",2,"WV","E",10022017,39.11853,-79.58482,985,0.0885774826716887,0.11471842833644,-0.242870929504616,0.139016806814096,0.292327416933577
"62","BRB_03","BRB",3,"WV","E",10022017,39.11863,-79.58606,983,0.0360432605468511,0.100149123147103,-0.220417942938884,-0.0935640484397219,-0.0282294808581499
"63","BRB_04","BRB",4,"WV","E",10022017,39.11602,-79.58139,986,0.104875591529548,0.13878143087,-0.22227382846587,0.197631665091656,0.196592628809132
"64","BRU_02","BRU",2,"PA","M",9112017,41.35133,-75.17426,539,0.0179128453494957,0.126092189798442,-0.213359745474433,-0.493056033727009,0.0978674538691412
"65","BRU_03","BRU",3,"PA","M",9112017,41.34784,-75.20009,551,0.13952713959411,0.130038433911202,-0.203677773635871,0.265701675813846,0.386596185392023
"66","BRU_04","BRU",4,"PA","M",9112017,41.3456,-75.20216,559,0.0948745293791987,0.131477219328354,-0.237375735503143,0.254946889470521,0.0479394595661919
"67","BRU_05","BRU",5,"PA","M",9152017,41.34357,-75.20504,570,0.132625706712292,0.149752409439459,-0.183623089953547,0.114734855602779,0.146611641398954
"68","BRU_06","BRU",6,"PA","M",9152017,41.34406,-75.20509,570,0.101307893532197,0.147421807454697,-0.247307782780024,-0.0715243962109455,0.171910107563116
"69","CAM_01","CAM",1,"VT","C",10112017,44.30394,-72.91039,538,0.131754089956562,0.128278263264845,-0.229065432295955,0.118735394155313,0.0742950702880003
"70","CAM_02","CAM",2,"VT","C",10112017,44.31687,-72.90208,808,0.0477195722932147,0.122752902854839,-0.180294488519923,0.148488656439537,-0.0184479612104814
"71","CAM_03","CAM",3,"VT","C",10112017,44.32212,-72.88999,1102,0.0177571673084315,0.140079843133982,-0.213309492153574,-0.0576571093472891,0.224762841013897
"72","CAM_04","CAM",4,"VT","C",10112017,44.3215,-72.89375,999,0.0220038322615555,0.125943281452815,-0.251941383932018,-0.119991874353088,0.167411415159315
"73","CAM_05","CAM",5,"VT","C",10112017,44.32146,-72.89611,927,0.0763824143520448,0.116615253599084,-0.200472751862751,0.295410361465821,0.298057901168096
"74","CAM_06","CAM",6,"VT","C",10112017,44.32074,-72.89718,909,0.13881505327879,0.139056086071759,-0.243649078365816,0.282177799012234,0.276636048533583
"75","CR_03","CR",3,"NC","E",9002016,35.748862,-82.272246,1819,0.0933125746137274,0.131680825945719,-0.239678146286586,0.273821163948876,0.282297726190122
"76","CR_04","CR",4,"NC","E",9002016,35.750184,-82.270068,1811,0.0775546765337828,0.129994225231799,-0.220973166843246,0.0944076583574252,0.163777867073503
"77","CR_05","CR",5,"NC","E",9002016,35.75331,-82.270147,1792,0.088863830899393,0.123106953333452,-0.245962900236149,0.0806905121684138,0.181439044686916
"78","CR_06","CR",6,"NC","E",9002016,35.755691,-82.269877,1776,0.0994786336749199,0.118328886069956,-0.276039135691523,-0.169986916649234,0.305889647971033
"79","CR_07","CR",7,"NC","E",9002016,35.758106,-82.267885,1763,0.0818661773916332,0.100107832085071,-0.24227129530454,0.0918582063151532,0.252831860854915
"80","CRA_01","CRA",1,"WV","E",9272017,38.1888,-80.27092,1072,0.132759218000131,0.0958041276992153,-0.236395608730254,0.199098721441812,0.0428331109010799
"81","CRA_02","CRA",2,"WV","E",9272017,38.19923,-80.27311,1026,0.0315047632391528,0.112181697228471,-0.223859002142463,-0.119019527184343,-0.0723880404172164
"82","CRA_03","CRA",3,"WV","E",9272017,38.19989,-80.27286,1023,0.10942644885071,0.112246693472292,-0.298323012312427,-0.0375935510882639,-0.0674322755542902
"83","CRA_04","CRA",4,"WV","E",9272017,38.20064,-80.27233,1023,0.0816126842510935,0.118883075846615,-0.230448108313955,0.163499434044218,-0.0504298115113081
"84","CRA_05","CRA",5,"WV","E",9272017,38.20126,-80.27228,1021,0.0935729562193038,0.128145020218249,-0.247723240128677,-0.0054193440748968,0.0331914010262302
"85","CRA_06","CRA",6,"WV","E",9272017,38.19853,-80.27083,1026,0.146005260347651,0.130172008463703,-0.230560495111043,0.155733531184229,-0.0225261427211602
"86","CRR_01","CRR",1,"PA","M",9122017,41.37048,-76.26347,674,0.0867814575554184,0.125327584792228,-0.20390090029082,0.0636613001585848,0.0533397955347437
"87","CRR_02","CRR",2,"PA","M",9122017,41.37093,-76.26328,668,0.126402635094032,0.133584586317652,-0.215205295985495,0.0744710869867883,0.0477821630170361
"88","DG_04","DG",4,"NC","E",9002016,35.78115,-82.2597,1955,0.0601687642437473,0.107548613680724,-0.234576202410785,-0.335213477564314,0.158095854464054
"89","DG_05","DG",5,"NC","E",9002016,35.78197,-82.25905,1915,0.0554731043918289,0.115555731304701,-0.255656352668996,-0.222782468997866,0.151065025475748
"90","DG_06","DG",6,"NC","E",9002016,35.78233,-82.25908,1908,0.0960067212455198,0.111252967052336,-0.263291706119596,0.0528968972471794,0.0936653616270788
"91","DG_08","DG",8,"NC","E",9002016,35.78377,-82.25858,1897,0.087885599871762,0.12509075853453,-0.228567287480985,0.20882646899675,0.168013391476009
"92","DG_10","DG",10,"NC","E",9002016,35.786327,-82.25755,1922,0.0928117767787589,0.0922637533803012,-0.222175876521683,0.2482380561498,0.209628108989462
"93","EQU_01","EQU",1,"VT","C",9212017,43.13636,-73.13577,608,0.0997928178876004,0.0998834271810323,-0.195333186313969,0.105692029468292,0.0853084621506182
"94","EQU_02","EQU",2,"VT","C",9212017,43.14051,-73.14051,701,0.0727372058229934,0.145390004311305,-0.185003968631975,0.122824769705315,0.0724524567325254
"95","EQU_03","EQU",3,"VT","C",9212017,43.14039,-73.13477,744,0.116110327008933,0.116929400360133,-0.24699249689009,0.194989067375343,0.151882002479975
"96","EQU_04","EQU",4,"VT","C",9212017,43.15425,-73.12742,975,0.0780293693946006,0.101911999215129,-0.208515417777382,0.0401101138342571,0.0175899800348195
"97","EQU_05","EQU",5,"VT","C",9212017,43.15975,-73.1255,1023,0.0586746414383811,0.124664909273854,-0.202105797313227,-0.046491274235164,0.236073305338096
"98","EQU_06","EQU",6,"VT","C",9212017,43.1619,-73.12386,1063,0.0781791025568118,0.122680565252985,-0.281242988516078,-0.0205609001186326,0.332275658982169
"99","ESC_01","ESC",1,"NY","C",9052017,42.19985,-74.03118,678,0.074346580833738,0.0994918511099904,-0.19452831218723,0.177677333108709,0.0689810228610291
"100","ESC_02","ESC",2,"NY","C",9052017,42.20077,-74.03092,685,0.0835141909079042,0.118269726753084,-0.228653401890061,-0.0338071083995331,0.0658537762576568
"101","ESC_03","ESC",3,"NY","C",9052017,42.20205,-74.02971,694,0.0672966134423054,0.133369545410461,-0.191283604211278,-0.226779351087712,0.411768487287405
"102","ESC_04","ESC",4,"NY","C",9052017,42.20549,-74.03112,730,0.0646044149632919,0.117921955157714,-0.170915104363196,0.105459640691125,0.0315630981643593
"103","ESC_05","ESC",5,"NY","C",9052017,42.21354,-74.03379,792,0.131004946458428,0.146816386189672,-0.209001054243718,0.115344746349355,0.33238978982222
"104","ESC_06","ESC",6,"NY","C",9052017,42.21471,-74.03587,829,0.0560597306460181,0.106490882392666,-0.178910534580953,0.231393445929093,0.183748407834901
"105","G13_01","G13",1,"PA","M",9122017,41.41342,-76.29673,641,0.104138185093277,0.139712317569352,-0.211595788746244,0.27291228304456,0.258294249568057
"106","G13_02","G13",2,"PA","M",9122017,41.41315,-76.29758,639,0.128012348005882,0.136247007798119,-0.2177634150505,0.277929856093064,0.242886179989175
"107","G13_03","G13",3,"PA","M",9122017,41.41275,-76.29931,634,0.0868104040095098,0.130963458703388,-0.232919917231774,0.0851693027104197,0.130708106935683
"108","G13_04","G13",4,"PA","M",9122017,41.41232,-76.29998,637,0.134794391590732,0.122805824798119,-0.184231913224916,0.284553584930002,-0.0696999846967031
"109","G13_05","G13",5,"PA","M",9122017,41.41286,-76.2958,640,0.111244476915192,0.141902774134998,-0.244643042660901,0.0640816793472103,0.0256386613178478
"110","G18_01","G18",1,"PA","M",9132017,41.09564,-75.4884,538,0.0454265727517861,0.105426897445612,-0.232402212524136,-0.0211372910012516,-0.0365894437488593
"111","G18_02","G18",2,"PA","M",9132017,41.09326,-75.49049,552,0.0682494540938634,0.135558850044911,-0.259030383745368,0.154312157588201,0.243291898962324
"112","G18_03","G18",3,"PA","M",9132017,41.09363,-75.48915,560,0.0328103072874598,0.145370099833645,-0.24635808266534,0.0760533016606834,0.145632660700499
"113","G57_01","G57",1,"PA","M",9122017,41.38781,-76.25086,644,0.109308162708325,0.120212800603497,-0.257208856108243,-0.0624924202481643,-0.210502547068837
"114","G57_02","G57",2,"PA","M",9122017,41.38786,-76.24996,644,0.0930030877659932,0.144652182279354,-0.237840617696235,0.107970044791915,0.297095697738784
"115","G57_03","G57",3,"PA","M",9122017,41.39196,-76.24501,635,0.0933201739761808,0.12598486753667,-0.129324769280634,0.229054598823494,-0.137917216505864
"116","G57_04","G57",4,"PA","M",9122017,41.38787,-76.25036,655,0.134612276920355,0.146243520437278,-0.189852429270242,0.233586662375923,0.234487332415078
"117","G57_05","G57",5,"PA","M",9122017,41.3885,-76.27803,646,0.085477498141641,0.108925715662691,-0.234752470607135,0.013886046787182,-0.122319184861225
"118","G57_06","G57",6,"PA","M",9122017,41.39518,-76.24475,632,0.11874572734148,0.133850841950501,-0.243003494207611,-0.0374205850177137,0.0450820728204909
"119","G57_07","G57",7,"PA","M",9062017,41.41808,-76.16374,647,0.103883295789137,0.105572976619719,-0.233235925601221,0.249035146246552,-0.347958151235584
"120","G57_08","G57",8,"PA","M",9062017,41.41875,-76.16496,652,0.0454306230708043,0.0847836871215416,-0.197201567244856,0.303974186624659,-0.220154741028454
"121","G57_09","G57",9,"PA","M",9062017,41.41903,-76.16552,652,0.131491693352793,0.121207782290873,-0.26360556343665,0.248468143147439,0.042242111939352
"122","G57_10","G57",10,"PA","M",9062017,41.41903,-76.16604,652,0.135401820033976,0.129221123383338,-0.204660033579618,0.32856016760962,0.0486731315058779
"123","G57_11","G57",11,"PA","M",9062017,41.41982,-76.16662,652,0.118701750929071,0.0932136030932949,-0.190953381998934,0.180969520903895,-0.0146844966407875
"124","GFM_48","GFM",48,"NC","E",NA,36.0898,-81.8383,1425,0.0476800200400766,0.103959133624683,-0.268381897267643,0.101667874695692,0.128886651848905
"125","GFM_49","GFM",49,"NC","E",NA,36.0902,-81.8376,1423,-0.00102375612259317,0.0662211678645095,-0.213067873304936,-0.136041073118747,0.16898968465493
"126","GFM_50","GFM",50,"NC","E",NA,36.0905,-81.8369,1437,0.0323710574763713,0.124139365124783,-0.2579164858474,0.266962171105086,0.240304560688098
"127","GFM_51","GFM",51,"NC","E",NA,36.0911,-81.8365,1444,0.0374508363375093,0.111408957748088,-0.256014817318294,0.196243753429486,0.395818806130059
"128","GFM_55","GFM",55,"NC","E",NA,36.0928,-81.8361,1486,0.0888642455942768,0.133230028130751,-0.200601005033739,0.245356348031016,0.263629034274976
"129","GPA_01","GPA",1,"WV","E",9292017,38.6156,-79.84402,1363,0.062352877595048,0.136231758829412,-0.241085501009775,0.0589974766124691,0.0937440652862035
"130","GPA_02","GPA",2,"WV","E",9292017,38.61929,-79.8956,1339,0.0316588879602471,0.139915421163552,-0.253643265694211,-0.0415975888420386,0.306940020511464
"131","GPA_03","GPA",3,"WV","E",9292017,38.61926,-79.84243,1314,0.108401745766435,0.137076332111837,-0.240232157942198,0.105229641633964,0.122980122705976
"132","GPA_04","GPA",4,"WV","E",9292017,38.59968,-79.85046,1147,0.0735880632896266,0.113861670362557,-0.226214904577563,0.304691530516638,0.138183584835804
"133","GRE_01","GRE",1,"MA","C",9182017,42.6402,-73.17194,929,0.104983446511387,0.131240693098658,-0.26590675391904,-0.145004346561956,0.0639684171872567
"134","GRE_03","GRE",3,"MA","C",9182017,42.63586,-73.16558,1055,0.0801890949579631,0.106003928365215,-0.239320911830151,0.148974947190629,0.109685169998315
"135","GRE_04","GRE",4,"MA","C",9182017,42.63636,-73.16608,1055,0.074662367752822,0.142181755477244,-0.280669094847862,-0.0741614943560803,0.147687352875948
"136","GRE_05","GRE",5,"MA","C",9182017,42.63514,-73.16494,1013,0.0442429837859631,0.136587728657002,-0.236654110609791,0.0194411505524807,0.180443978611826
"137","GRE_06","GRE",6,"MA","C",9182017,42.63069,-73.17808,934,0.0375564700903834,0.121179997690152,-0.260203378399517,-0.0228164771960364,0.249275403889909
"138","GRE_07","GRE",7,"MA","C",9182017,42.63034,-73.18195,888,0.089811103365753,0.113682354897944,-0.272960912648333,0.24134768858292,0.0459292834779532
"139","HR_01","HR",1,"TN","E",9002016,35.5714,-83.17954,1615,0.104617286062716,0.105810386635577,-0.251452224749692,0.124326155283281,0.138339996596752
"140","HR_02","HR",2,"TN","E",9002016,35.5716,-83.17953,1624,0.0564757814482719,0.0676864213991626,-0.266434723077664,0.154677573441957,0.171711730547921
"141","HR_03","HR",3,"TN","E",9002016,35.56898,-83.17448,1627,0.0767087955716752,0.107863504277405,-0.247044342909951,-0.0508462362191321,0.0869854285107359
"142","HR_05","HR",5,"TN","E",9002016,35.57113,-83.1706,1607,0.0800207441654452,0.110882632860867,-0.240162556176847,0.125745806495283,0.0953000551827983
"143","HR_06","HR",6,"TN","E",9002016,35.57026,-83.16939,1605,0.0479990781793325,0.0846090125467475,-0.26149420858637,0.0716199741996184,-0.0181978686707855
"144","HR_07","HR",7,"TN","E",9002016,35.56706,-83.16762,1595,0.0861182971544548,0.0980481641338155,-0.265811219246734,0.333498295752164,0.116575400101658
"145","HR_10","HR",10,"TN","E",9002016,35.61916,-83.20716,1036,0.0512491003530677,0.0878208697688594,-0.208594296335919,-0.0819000767830467,-0.200053491198256
"146","HUN_01","HUN",1,"NY","C",9072017,42.17801,-74.22929,1221,0.104741729949184,0.123544596502892,-0.141076592787734,0.097802940452221,0.329042306200919
"147","HUN_02","HUN",2,"NY","C",9072017,42.17772,-74.2286,1198,0.00982566963139106,0.123062954704841,-0.199935081559093,-0.0922149884666085,0.266757402508585
"148","HUN_03","HUN",3,"NY","C",9072017,42.17778,-74.23087,1219,0.0763563931762992,NA,-0.183873800150084,0.250488290655379,0.411578605181598
"149","HUN_04","HUN",4,"NY","C",9072017,42.17897,-74.2295,1203,0.0784526059691655,0.121114993335953,-0.20936363650335,0.0954887751368138,0.239336152727971
"150","HUN_05","HUN",5,"NY","C",9072017,42.17995,-74.22938,1189,0.0853211291730673,0.142008368348871,-0.205115730295829,-0.0221029951986486,0.257999078610572
"151","HUN_06","HUN",6,"NY","C",9072017,42.19198,-74.23504,1029,0.0955462443259256,0.111882638595381,-0.255950624715342,0.0478490456971269,-0.196850833732411
"152","HUN_07","HUN",7,"NY","C",9072017,42.19412,-74.23513,991,0.10333312744434,0.125465296124715,-0.232563922781314,0.181344494134332,0.039579843862302
"153","IND_01","IND",1,"NY","C",9062017,42.16541,-74.20158,646,0.0635004632155119,0.125894675017024,-0.173751751825623,0.0750780555618507,-0.0327331574570975
"154","IND_02","IND",2,"NY","C",9062017,42.16542,-74.20212,652,0.0814702002982416,0.129981301651137,-0.205514595381729,0.329121119024429,0.301437025062705
"155","IND_03","IND",3,"NY","C",9062017,42.16714,-74.2009,633,0.0988951461608932,0.0991559632259696,-0.23427579108699,0.0576780727073146,0.0359603791776771
"156","IND_04","IND",4,"NY","C",9062017,42.16395,-74.20231,641,0.0620872835072833,0.126486479581347,-0.211594111128777,-0.0453233838752882,-0.190848706958869
"157","IND_05","IND",5,"NY","C",9062017,42.16349,-74.20258,636,0.106570286138857,0.123980036172957,-0.164278110469609,0.0908000256577794,0.105240663861422
"158","IND_06","IND",6,"NY","C",9062017,42.16228,-74.20313,637,0.0725781286741668,0.132929549881158,-0.212427277281167,0.233366998959074,0.258796861960794
"159","JAY_01","JAY",1,"VT","C",10062017,44.92981,-72.52965,900,-0.00695260278198457,0.15387914717549,-0.234223647206775,-0.146984174844019,0.22753382303251
"160","JAY_02","JAY",2,"VT","C",10102017,44.9235,-72.51746,897,0.0468716483819589,0.1436667974524,-0.195414859951872,-0.0812521240498482,0.321554244895756
"161","JAY_03","JAY",3,"VT","C",10102017,44.92305,-72.51562,861,0.0151452480743651,0.114590015929186,-0.200106361996959,-0.12878082095564,0.273063825470765
"162","KAN_02","KAN",2,"NH","C",10222017,44.02552,-71.495,862,0.0997948273248591,0.096347160420134,-0.251888131485793,0.164432961422205,0.144167564075677
"163","KAN_03","KAN",3,"NH","C",10222017,44.02137,-71.47896,785,0.0666667713215849,0.131826164412627,-0.263066008892304,0.0466271606675434,0.387117599116302
"164","KAN_04","KAN",4,"NH","C",10222017,44.02144,-71.47961,787,0.104537314345855,0.121336857057955,-0.216814380529948,0.236936856265581,0.269898637789047
"165","KAN_05","KAN",5,"NH","C",10222017,44.02235,-71.47746,777,0.134240064541795,0.13808732578187,-0.246363700479016,0.24551456003716,0.378813170718984
"166","KAN_06","KAN",6,"NH","C",10222017,44.02168,-71.49196,841,0.0217139646465685,0.132040804313807,-0.245032439949312,0.0606362448860862,0.130298009055071
"167","KIL_01","KIL",1,"VT","C",10212017,43.60633,-72.81543,1171,0.138530067293501,0.126723982985733,-0.215362280794416,0.162497155650492,0.0962197300059147
"168","KIL_02","KIL",2,"VT","C",10212017,43.60703,-72.81634,1170,0.0656685374126862,0.117326710380806,-0.224014914296093,0.151385016982859,0.434330328681822
"169","KIL_03","KIL",3,"VT","C",10212017,43.60837,-72.8176,1145,0.00243843238118188,0.130447595594978,-0.233837441079425,-0.0214063321922922,0.336914173604833
"170","KIL_04","KIL",4,"VT","C",10212017,43.60933,-72.81762,1115,0.147607658715403,0.142814063115815,-0.24720693270561,0.301321174290353,0.143711620512372
"171","KIL_05","KIL",5,"VT","C",10212017,43.61079,-72.81821,1072,0.100357381414736,0.121134131358616,-0.184781191019266,0.205802104772453,0.491430913292914
"172","KIL_06","KIL",6,"VT","C",10212017,43.61229,-72.8187,1047,0.055357777860954,0.114723209462141,-0.194004077301708,0.0685210724603636,0.182064337039098
"173","KOS_01","KOS",1,"WV","E",9292017,38.69131,-79.53503,1356,0.0826711900382597,0.138177264038596,-0.254613752447607,0.284519746653429,0.294068426301294
"174","KOS_02","KOS",2,"WV","E",9292017,38.6894,-79.54405,1419,0.0942946735898167,0.0939312522927724,-0.19419504180484,0.277679871217777,0.0279996231257929
"175","KOS_03","KOS",3,"WV","E",9292017,38.69502,-79.54109,1428,0.106939993743363,0.137663133620068,-0.209243912134582,0.115247251750761,0.414770571993849
"176","KOS_04","KOS",4,"WV","E",9292017,38.69886,-79.5338,1479,0.121320609048787,0.0954796284008126,-0.239998631605748,-0.0112260164768551,0.14309734898552
"177","KOS_05","KOS",5,"WV","E",9292017,38.69966,-79.5335,1488,0.0496519807976136,0.117660554432419,-0.259242365094797,-0.109282563209307,0.18303104636721
"178","KOS_07","KOS",7,"WV","E",9292017,38.7023,-79.5302,1485,0.0725943349933406,0.1144585268418,-0.258583199174505,0.0135459798397554,0.148655443519834
"179","LEU_01","LEU",1,"ME","C",11192017,45.46921,-70.37423,668,0.118163506312736,0.128166336084455,-0.200630659506759,0.0217920342855692,0.0647699114776915
"180","LEU_02","LEU",2,"ME","C",11192017,45.47563,-70.37312,629,0.092054270180697,0.123360146173409,-0.211502841535098,0.103847969089266,0.380619561489047
"181","LEU_03","LEU",3,"ME","C",11192017,45.48267,-70.37241,741,-0.000467774892140596,NA,-0.228574435785152,-0.283795434822001,0.330510451909123
"182","LEU_04","LEU",4,"ME","C",11192017,45.48342,-70.3726,752,0.123907753008668,0.113125575041302,-0.174303164811866,0.180311000176558,0.135297215164736
"183","LEU_05","LEU",5,"ME","C",11192017,45.47165,-70.3756,588,0.128400743915188,0.120111244314291,-0.229907809610057,0.0669987590214118,0.348164539584717
"184","LOL_01","LOL",1,"NH","C",11042017,44.138,-71.71053,865,-0.0132408473760883,0.125570233268486,-0.166152802945642,-0.382702925914199,0.374317139198796
"185","LOL_02","LOL",2,"NH","C",11042017,44.14044,-71.72354,957,0.0114532170742384,0.130428460077425,-0.194713504087522,-0.0579156958663014,0.274242552980043
"186","LOL_03","LOL",3,"NH","C",11042017,44.14035,-71.72276,950,0.0468702921305514,0.137497329053799,-0.20004568349629,0.0472814441642552,0.358142640841321
"187","LOL_04","LOL",4,"NH","C",11052017,44.14965,-71.7104,1154,0.0661257663656151,0.133426459644385,-0.238527787933126,0.106128872249573,0.420501885096027
"188","LOL_05","LOL",5,"NH","C",11052017,44.14922,-71.71134,1137,0.0945221950282611,0.107219064976388,-0.209046566866543,0.225040140170623,0.228679709458544
"189","MAC_01","MAC",1,"NY","C",10132017,44.05343,-73.78043,1317,0.135470791707484,0.115034965824988,-0.170248248045577,0.140855308151889,0.266132323245012
"190","MAC_02","MAC",2,"NY","C",10132017,44.05138,-73.78415,1172,0.04332532512431,0.118256064140317,-0.225160658324148,-0.224753576354158,0.107464296602829
"191","MAC_03","MAC",3,"NY","C",10132017,44.05165,-73.78802,1036,0.11078172340118,0.118515255196723,-0.244866762310193,0.21484671321931,0.193998626028551
"192","MAC_04","MAC",4,"NY","C",10132017,44.05131,-73.78914,1014,0.130768363532351,0.128344384334421,-0.1888596984009,0.160277111072766,0.310707111725066
"193","MAC_05","MAC",5,"NY","C",10132017,44.05025,-73.78994,969,0.0835691342605725,0.121793375247187,-0.206621228630148,0.177277972081139,0.169636930572241
"194","MMF_02","MMF",2,"VT","C",9022017,44.52266,-72.80222,998,NA,NA,NA,NA,NA
"195","MMF_10","MMF",10,"VT","C",9042017,44.53615,-72.81747,1224,NA,NA,NA,NA,NA
"196","MMF_13","MMF",13,"VT","C",9112017,44.51382,-72.79353,737,0.0825595656547755,0.110544230706578,-0.222753733222728,0.00118689220057508,-0.0307698505856274
"197","MMF_14","MMF",14,"VT","C",9112017,44.51656,-72.78146,565,NA,NA,NA,NA,NA
"198","MMF_20","MMF",20,"VT","C",9272017,44.51768,-72.78983,710,NA,NA,NA,NA,NA
"199","MMF_21","MMF",21,"VT","C",9272017,44.51781,-72.7906,724,NA,NA,NA,NA,NA
"200","MMF_24","MMF",24,"VT","C",9272017,44.51411,-72.79349,737,0.0569412359093299,0.11156378513438,-0.220829598130831,-0.071122500307281,0.23035729468789
"201","MPG_01","MPG",1,"VT","C",9302017,44.72913,-72.03024,826,0.108960231655591,0.14667347674964,-0.178216910108604,0.0888301550813022,0.107084255329933
"202","MPG_02","MPG",2,"VT","C",9302017,44.7312,-72.03259,820,0.101629438584476,0.142616769067566,-0.213596781401026,0.0273673665677968,0.0761565888144886
"203","MPG_03","MPG",3,"VT","C",9302017,44.73103,-72.03169,830,0.11344730494635,0.116619829079043,-0.177195280010487,0.312292883261662,0.141355126462259
"204","MPG_04","MPG",4,"VT","C",9302017,44.72968,-72.02951,820,0.122012296841072,0.133031271033111,-0.25735477122786,0.219370460300184,0.260877900516888
"205","MPG_05","MPG",5,"VT","C",9302017,44.72948,-72.02926,824,0.133748959271908,0.117213879128546,-0.206995108318727,0.04641177666309,0.177014045088959
"206","MPG_06","MPG",6,"VT","C",9302017,44.72881,-72.0307,822,0.131607749594341,0.106968318361779,-0.243734118348961,0.138970035191526,0.34568318662727
"207","MRC_02","MRC",2,"VA","E",10122016,36.672274,-81.506,1600,0.0738135215675286,0.118575750025792,-0.236215557085786,0.161940059823215,0.267674917823144
"208","MRC_07","MRC",7,"VA","E",10132016,36.6625,-81.516944,1569,0.103690356843151,0.138794320222743,-0.225890009102239,0.0373282606045379,0.307249866062383
"209","MRC_08","MRC",8,"VA","E",10142016,36.6625,-81.516111,1554,0.0713785453792985,0.121878015392599,-0.213537332455273,0.267509881258463,0.119196775029976
"210","MRC_16","MRC",16,"VA","E",10152016,36.65629,-81.54009,1616,0.0640596967882238,0.123740348320256,-0.234781447379058,0.0616244547871895,0.252831860854915
"211","MRC_18","MRC",18,"VA","E",9002016,36.65793,-81.53847,1645,0.0914098456275294,0.120126999986447,-0.219902671489301,0.188414288979606,0.134340634296092
"212","MSK_01","MSK",1,"NH","C",10232017,44.43429,-71.43275,1197,0.0252391966595859,0.125975821081802,-0.243049801283919,-0.108246031030779,0.228726391890716
"213","MSK_02","MSK",2,"NH","C",10232017,44.43365,-71.41321,1226,0.0146161856975266,0.133614275200888,-0.257461001368246,0.178294359374379,0.244714237208291
"214","MSK_03","MSK",3,"NH","C",10232017,44.43383,-71.42283,1158,0.0056902050978018,0.113306622549709,-0.213383102104377,0.0614086422752632,0.170982825720702
"215","MSK_04","MSK",4,"NH","C",11252017,44.4242,-71.44677,850,0.127897756916177,0.117709899719774,-0.217240373287034,0.169333073068841,0.084301859917543
"216","MT_01","MT",1,"NC","E",9002016,35.7568,-82.2524,1711,0.0335146486548047,0.137578792272543,-0.19956388369281,0.0817782023782194,0.254674879532717
"217","MT_04","MT",4,"NC","E",9002016,35.75649,-82.25134,1678,0.0189764355165594,0.128623002698182,-0.274135776373953,0.225181094595471,0.350436467986167
"218","MT_05","MT",5,"NC","E",9002016,35.75581,-82.25083,1649,0.0602108911054403,0.124440494290103,-0.193401293339827,0.116532679680804,0.0185209764387786
"219","MT_07","MT",7,"NC","E",9002016,35.75458,-82.24234,1470,0.0390297900425823,0.127545296920457,-0.230841892244806,0.400491816560467,0.316943739970776
"220","MT_08","MT",8,"NC","E",9002016,35.7524,-82.24024,1420,0.000216072478476503,0.0934924529076473,-0.254939008170016,0.0861557610464537,0.121466221239601
"221","MT_09","MT",9,"NC","E",9002016,35.75366,-82.24549,1533,0.0239018122228594,0.105693273395882,-0.223356097821694,0.127399560815918,0.164079145230526
"222","MT_10","MT",10,"NC","E",9002016,35.75354,-82.245,1525,0.0222396681615115,0.10955135730959,-0.260368788732557,0.298924182522533,0.153196036382244
"223","MT_12","MT",12,"NC","E",9002049,35.757069,-82.252205,1701,0.0451380909316489,0.121858648961941,-0.253391179396608,0.171711136930048,0.163072372546756
"224","NBTIC_543","NBTIC",543,"NB","C",9042015,46.22,-67.14,NA,0.051818807617329,0.0513604271855921,-0.180528364441295,-0.147021838254667,-0.107492099796112
"225","NBTIC_552","NBTIC",552,"NB","C",9042015,46.18,-67.15,NA,0.122097497315524,0.0829453210051457,-0.177180789809253,-0.158282458054366,-0.0457926478488829
"226","NBTIC_565","NBTIC",565,"NB","C",9042015,46.66,-67.6,NA,0.0796619687920727,0.119952765890286,-0.160733170676165,0.116771208245302,-0.0680993233439678
"227","NBTIC_623","NBTIC",623,"NB","C",9042015,45.48,-66.65,585,0.0865338079100075,0.132723438037639,-0.182736213524376,0.149787900168082,0.0675250392541345
"228","NBTIC_624","NBTIC",624,"NB","C",9042015,45.42,-66.7,682,0.175410797060391,0.104633210752167,-0.177231960889755,0.245698187004348,-0.137547387724068
"229","NBTIC_627","NBTIC",627,"NB","C",9042015,45.26,-66.49,464,0.0327210347206904,0.116033766307598,-0.192359595491344,-0.0672588976118915,0.195111267040718
"230","NOR_01","NOR",1,"NY","C",9052017,42.21991,-74.04099,919,0.13813174054833,0.0879003952154518,-0.241886841755646,0.125861917873926,-0.102468972112531
"231","NOR_02","NOR",2,"NY","C",9052017,42.22041,-74.04166,923,0.117182201794377,0.146823015909595,-0.222036794028758,0.217332570008998,0.180679120282325
"232","NOR_03","NOR",3,"NY","C",9052017,42.22059,-74.04261,935,0.0653064552671561,0.136241299179252,-0.201611363751417,0.0389811940325895,0.285918729034506
"233","NOR_04","NOR",4,"NY","C",9052017,42.21969,-74.04345,937,0.0779718472377418,0.0970724330110186,-0.229656553585966,0.00477217488224839,0.00285075867870599
"234","NOR_05","NOR",5,"NY","C",9052017,42.21886,-74.04497,961,0.0864604928969133,0.143304179047193,-0.226670381374648,0.0515961325499283,0.170885482789835
"235","NOR_06","NOR",6,"NY","C",9052017,42.21925,-74.04668,962,0.107191333941284,0.128647273769829,-0.178340825461272,-0.0159255136813627,0.291403398122139
"236","OCT_01","OCT",1,"MA","C",9192017,42.36216,-73.15527,582,0.0877556105667149,0.137453914923151,-0.1998121517582,-0.117070673946677,0.248914777592515
"237","OCT_02","OCT",2,"MA","C",9192017,42.36126,-73.15881,576,0.050695994227509,0.119465055817097,-0.200839371936333,-0.000560061199340609,0.172799227937759
"238","OCT_03","OCT",3,"MA","C",9192017,42.35426,-73.17902,571,0.0436882186096236,0.110007150864543,-0.190037464076186,0.00708648391890047,-0.062466910989417
"239","OCT_04","OCT",4,"MA","C",9192017,42.34901,-73.19077,549,0.0576234957445492,0.140504437981529,-0.201609502770031,0.0628473917828376,0.192086077410298
"240","OCT_06","OCT",6,"MA","C",9192017,42.361,-73.15971,586,0.0991210670577928,0.116332372802297,-0.209737146161797,-0.0812959329257139,0.0551711856085377
"241","OCT_08","OCT",8,"MA","C",9192017,42.36194,-73.15504,592,0.0712170957939156,0.117167324175376,-0.212998149296732,0.097672403098909,0.00458015921322187
"242","OKE_01","OKE",1,"VT","C",10172017,43.41356,-72.74883,812,0.0750749898952601,0.120020725650463,-0.261820840754867,0.0840671038748663,0.319386756032126
"243","OKE_02","OKE",2,"VT","C",10172017,43.41016,-72.75069,910,0.110595091974478,0.139789846887026,-0.236935850167442,0.15266330792786,0.318198137253731
"244","OKE_03","OKE",3,"VT","C",10172017,43.409,-72.74791,935,0.0715700197175387,0.130937585481469,-0.229306206413208,-0.0243969945842544,0.132904914388182
"245","OKE_04","OKE",4,"VT","C",10172017,43.40522,-72.75047,1020,0.0958800096239459,0.122235675584774,-0.195421211005962,0.336983780397502,0.202679055835902
"246","OKE_05","OKE",5,"VT","C",10172017,43.40388,-72.75101,1020,0.0316212236868213,0.105711868424385,-0.198090714702062,-0.0580572676435598,0.29414797870204
"247","OKE_06","OKE",6,"VT","C",10172017,43.40847,-72.74814,953,0.0947328871344933,0.10220183028052,-0.213759768530293,0.162654399511561,-0.186733533108515
"248","OWL_01","OWL",1,"VT","C",10012017,44.29606,-72.2939,580,0.124528337625506,0.105660254406837,-0.216327409962765,0.056708889343766,0.257451627780117
"249","OWL_02","OWL",2,"VT","C",10012017,44.2958,-72.29314,581,0.105695797987988,0.107074170611269,-0.190766028082915,-0.0108027253005219,0.171242411219584
"250","OWL_03","OWL",3,"VT","C",10012017,44.29611,-72.29464,584,0.0663812917744049,0.11837843486048,-0.224140635429258,-0.118967316994482,0.235667587800147
"251","OWL_04","OWL",4,"VT","C",10012017,44.29652,-72.29517,589,0.124924101301895,0.118666697356039,-0.229857838406238,0.0221158709001916,0.270156199684468
"252","PRK_01","PRK",1,"WV","E",9282017,38.32659,-80.15412,1440,0.141896049410211,0.130423753754738,-0.277014902778016,0.00549110178646627,0.231491223550091
"253","PRK_02","PRK",2,"WV","E",9282017,38.33402,-80.15413,1398,0.107639350801422,0.111235662562346,-0.267983096244026,0.130332724024797,0.0904817780810569
"254","PRK_03","PRK",3,"WV","E",9282017,38.34276,-80.16302,1268,0.0529304612924381,0.109013772407323,-0.259389140303013,-0.104457243913977,0.181214700977436
"255","PRK_04","PRK",4,"WV","E",9282017,38.34618,-80.16209,1262,0.094127344328151,0.142938951591182,-0.21209770339948,0.225581796813251,-0.0226185950267759
"256","PRK_05","PRK",5,"WV","E",9282017,38.34659,-80.16196,1267,0.0465798109453796,0.127240654266288,-0.247997203407334,-0.0309037962996541,0.0759544655652468
"257","PRO_01","PRO",1,"VT","C",8152017,44.52872,-72.86739,448,NA,NA,NA,NA,NA
"258","PRO_02","PRO",2,"VT","C",8152017,44.52773,-72.8672,425,0.00888052227976379,0.132580569577621,-0.232606209042341,0.0954697557248779,0.0609645384588085
"259","PRO_03","PRO",3,"VT","C",8152017,44.52746,-72.86732,420,0.106601152841821,0.086827285095078,-0.182442449976814,0.0735070555290365,-0.187432349996197
"260","PRO_04","PRO",4,"VT","C",9012017,44.52844,-72.86649,429,0.0900283125286952,0.120375003453071,-0.184377867977529,0.218357699477842,0.10921545094363
"261","RP_01","RP",1,"TN","E",9002016,35.60925,-83.44671,1617,0.070090893095084,0.115793680479999,-0.236931405013009,0.107312537868164,0.308121001594718
"262","RP_03","RP",3,"TN","E",9002016,35.60989,-83.44798,1586,0.0639338775151029,0.117896095924825,-0.249146408597806,-0.0374770812655236,0.0509189567998403
"263","RP_05","RP",5,"TN","E",9002016,35.61014,-83.45202,1545,0.12232513427831,0.122874934623152,-0.235783788148701,0.194724473791141,0.0247692881629687
"264","RP_06","RP",6,"TN","E",9002016,35.61018,-83.45275,1537,0.0993763090165252,0.108076083687147,-0.284787112998408,0.0372662782024207,0.106815124100911
"265","RP_11","RP",11,"TN","E",9002016,35.61305,-83.46869,1370,0.0853478483338598,0.103330812253995,-0.214379658680527,0.0661280732246426,0.225724559345895
"266","SAV_01","SAV",1,"MA","C",9202017,42.60101,-73.02749,767,0.0736942541224024,0.142960440925201,-0.245345818431663,-0.431129382218593,-0.00619976599862149
"267","SAV_02","SAV",2,"MA","C",9202017,42.60059,-73.0264,759,0.0604537337171895,0.120517499803655,-0.209693570260116,-0.0107644241757537,0.23866605450405
"268","SAV_03","SAV",3,"MA","C",9202017,42.60036,-73.02493,738,0.0826147354349515,0.0719794270923824,-0.256654333834408,0.0733384236664271,-0.223598889125375
"269","SAV_04","SAV",4,"MA","C",9202017,42.65836,-73.05849,564,0.126584628560636,0.11262265321307,-0.236798445248044,0.144140366175746,-0.0721863407406871
"270","SAV_05","SAV",5,"MA","C",9202017,42.65893,-73.05984,572,0.0461058014025566,0.133169846875104,-0.241900797848731,0.0735070555290365,0.227967947521436
"271","SAV_06","SAV",6,"MA","C",9202017,42.6589,-73.06075,577,0.0873983641741556,0.133708151673066,-0.19827342806957,-0.0526977515501568,0.144879537570336
"272","SAV_07","SAV",7,"MA","C",9202017,42.65743,-73.06254,612,0.113538759165548,0.119147964894139,-0.21178026332434,0.10970073743753,0.216443654122722
"273","SPR_01","SPR",1,"PA","M",9142017,41.2067,-75.64813,586,0.0948152211425504,0.116138750377689,-0.254880312601261,0.0932073848388186,-0.0406855401880173
"274","SPR_02","SPR",2,"PA","M",9142017,41.20095,-75.6479,567,0.0637264395746015,0.111745525970013,-0.240529387042736,-0.171378224755202,0.217252356622459
"275","SPR_03","SPR",3,"PA","M",9142017,41.20177,-75.64116,585,0.0755119345436292,0.126575987674665,-0.131444445289807,-0.183069774849541,0.0359283648475487
"276","SPR_04","SPR",4,"PA","M",9142017,41.2021,-75.63768,588,0.0723542629471462,0.0909411222600219,-0.207483539642379,0.125896226873642,0.00771733140564326
"277","SPR_05","SPR",5,"PA","M",9142017,41.20205,-75.6366,590,0.0996202998361315,0.103158366791411,-0.234566810143969,0.228972148828757,0.0734224086939378
"278","TWI_02","TWI",2,"NY","C",9062017,42.11969,-74.12601,1064,0.117412546444616,0.136167090498752,-0.204561695422932,0.00529309814856368,0.228755105722915
"279","TWI_03","TWI",3,"NY","C",9062017,42.1222,-74.12683,1042,0.0244331132770681,0.11698337745955,-0.183388300423419,0.0100291324151038,0.364145378801483
"280","TWI_04","TWI",4,"NY","C",9062017,42.12289,-74.1269,1051,0.10843622132309,0.0999322961549693,-0.223439185657008,-0.029512920508603,0.0717762929544796
"281","TWI_05","TWI",5,"NY","C",9062017,42.12367,-74.12727,1074,0.0939241229789685,0.12691755887982,-0.227909092712586,0.100666497222511,0.386297272045783
"282","TWI_06","TWI",6,"NY","C",9062017,42.12489,-74.12855,1100,0.0685564765119317,0.0953476626842825,-0.226518899727631,0.189925035683725,0.0826764838404877
"283","WA_412","WA",412,"NC","E",9002016,35.34417,-83.35255,1285,-0.0817095956758416,-0.00921466026810199,-0.0542893592312835,0.102224092741554,0.0811213240387907
"284","WA_414","WA",414,"NC","E",9002016,35.34103,-83.35087,1273,-0.0524333986458797,-0.00232898737116689,-0.052361515873476,-0.10038933709708,0.213012207103926
"285","WA_416","WA",416,"NC","E",9002016,35.33896,-83.3516,1251,-0.0450408745611807,0.00367898012191608,-0.0439568846824299,0.0898207867718163,0.282297743468241
"286","WA_418","WA",418,"NC","E",9002016,35.3378,-83.35202,1264,-0.0815626503122448,0.00164766888979427,-0.0409483883553875,0.0202932926183281,0.260083874417384
"287","WA_419","WA",419,"NC","E",9002016,35.34348,-83.35368,1277,-0.0923914030111807,0.00800665860120439,-0.0275821952081538,-0.235474461026205,0.383577636801671
"288","WCA_01","WCA",1,"NY","C",9082017,42.46577,-74.57816,574,0.0242494952392564,0.0975997762871332,-0.193581348596308,0.0653693117716606,-0.138141715497758
"289","WCA_02","WCA",2,"NY","C",9082017,42.4851,-74.597,582,0.110195619452911,0.104401535070026,-0.232554189682864,0.123912535102615,0.0978496332915249
"290","WCA_03","WCA",3,"NY","C",9082017,42.4851,-74.597,582,0.069402004480278,0.134054390034471,-0.252596820406962,-0.136169995628923,0.199480889844278
"291","WCA_04","WCA",4,"NY","C",9082017,42.48974,-74.5986,566,0.0902811384933259,0.138921535116204,-0.212946271643032,-0.041591359115067,0.322068504223114
"292","WCA_05","WCA",5,"NY","C",9082017,42.48933,-74.59966,568,0.0802583837477132,0.107887221341774,-0.232561858587742,0.131930783539292,0.0212204969363486
"293","WCA_07","WCA",7,"NY","C",9082017,42.49206,-74.64082,571,0.0495907706090718,0.117276076688647,-0.238863875422663,-0.005548991294217,0.00553889573265356
"294","WHI_01","WHI",1,"NY","C",9012017,44.39593,-73.90094,893,0.121305040012778,0.120140634168345,-0.236848942298946,-0.0194103823745246,0.110892617836971
"295","WHI_03","WHI",3,"NY","C",9012017,44.39735,-73.89967,881,0.129345732326684,0.121554756624064,-0.225555324146705,0.242358176934373,0.076011397668214
"296","WHI_04","WHI",4,"NY","C",9012017,44.39754,-73.89878,877,0.0514682085667649,0.116319297308209,-0.215081255689394,0.0110339198397717,0.278682724713975
"297","WHI_05","WHI",5,"NY","C",9012017,44.3988,-73.8951,852,0.101363885790674,0.137461531583852,-0.238966209603019,0.0493899700592483,0.197797421623677
"298","WHI_07","WHI",7,"NY","C",9012017,44.37091,-73.90691,1208,0.105178831518838,0.14741910892044,-0.206740737147523,0.141886235974522,0.44261683230804
"299","WHI_12","WHI",12,"NY","C",9012017,44.39975,-73.85603,573,0.116283557944816,0.135694497600262,-0.242091494594459,0.105394279362166,0.142793667175609
"300","XBM_02","XBM",2,"PA","M",10042017,40.73345,-77.75672,552,0.121918877127118,0.104434445660123,-0.188508629398041,0.166663225841648,-0.266367698058287
"301","XBM_03","XBM",3,"PA","M",10042017,40.73457,-77.75919,561,0.0698963463957057,0.0875202211599507,-0.195829830133713,-0.181014515962425,-0.330312511079966
"302","XBM_04","XBM",4,"PA","M",10042017,40.73425,-77.75865,556,0.103350003064003,0.0774877347365573,-0.169735301374402,0.00524666943649064,-0.435851995200796
"303","XBM_05","XBM",5,"PA","M",10042017,40.73351,-77.75858,555,0.153750368297985,0.141394582164578,-0.170414176705558,0.350695975856926,-0.0384447744791179
"304","XBM_06","XBM",6,"PA","M",10042017,40.73287,-77.75868,553,0.136507912109522,0.0881963534375411,-0.177813120453939,0.245798468592525,-0.139834766851001
"305","XBM_07","XBM",7,"PA","M",10042017,40.73135,-77.7608,566,0.0968902901584562,0.0920678111830717,-0.164053227253871,0.156099808674633,-0.402503871414197
"306","XCS_01","XCS",1,"WV","E",9262017,39.53417,-79.48211,777,0.0386232938395809,0.133690133030383,-0.214755637868869,0.046763281642555,0.168173448262805
"307","XCS_03","XCS",3,"WV","E",9262017,39.53408,-79.4812,776,0.0285883875733803,0.130448454617636,-0.249298997037587,0.109645878968646,0.27028308109623
"308","XCV_01","XCV",1,"WV","E",10062017,39.09184,-79.44985,1141,0.0908610076077731,0.114208270445526,-0.265497736295698,0.0164642434919444,0.0278184813595384
"309","XCV_02","XCV",2,"WV","E",10062017,39.08964,-79.45225,1129,0.0265404088911129,0.104130980111209,-0.216524670081382,0.00411172925112842,0.0719518937831056
"310","XCV_03","XCV",3,"WV","E",10062017,39.08574,-79.4577,1123,0.144139938001281,0.134390105501873,-0.23523240455227,0.294052758303103,0.0117625346448298
"311","XCV_04","XCV",4,"WV","E",10062017,39.08291,-79.46288,1130,0.115377965974613,0.127218411622745,-0.225215706649856,0.1736272586199,0.0964844514422017
"312","XCV_05","XCV",5,"WV","E",10062017,39.07191,-79.47373,1113,0.105793903940962,0.11589856539318,-0.237679103050267,0.181867370204073,0.0999833512136767
"313","XDS_01","XDS",1,"WV","E",10062017,38.97031,-79.34267,1201,0.0749977513967934,0.098388842187168,-0.230535889109136,0.0470175450617008,0.161911323970045
"314","XDS_02","XDS",2,"WV","E",10062017,38.97128,-79.34201,1191,0.0838739835417887,0.12759492549251,-0.241935607622482,0.114546870602541,0.318971025630486
"315","XDS_03","XDS",3,"WV","E",10062017,38.97446,-79.33907,1203,0.0821020163450604,0.133091604643435,-0.190847464317137,0.246818505351486,-0.190776748883786
"316","XDS_04","XDS",4,"WV","E",10062017,38.98078,-79.33386,1213,0.0810496619729926,0.147080865393676,-0.213421178999247,0.0838249052494055,0.269400888163946
"317","XDS_05","XDS",5,"WV","E",10062017,39.00473,-79.32766,1224,0.0863606550438445,0.0910081184946005,-0.237580762214428,0.156259877299898,0.122337012529133
"318","XDS_06","XDS",6,"WV","E",10062017,39.04542,-79.31111,1210,0.0990601980598048,0.10575758874668,-0.244738323847618,0.0163325305857982,0.00884805387973288
"319","XFS_01","XFS",1,"MD","E",9252017,39.70285,-78.93856,825,0.0599423006801675,0.0988043337412572,-0.259720674649933,0.0759752929819063,0.17061179284897
"320","XFS_02","XFS",2,"MD","E",9252017,39.70614,-78.93826,827,0.0802042712835296,0.143736702517863,-0.230720931634774,0.00180904108686752,0.303665474067419
"321","XFS_03","XFS",3,"MD","E",9252017,39.70361,-78.94185,820,0.111644684405449,0.103449647608934,-0.209098433443492,0.110305037216031,0.0721138011700496
"322","XGL_02","XGL",2,"MD","E",9222017,39.50541,-79.27808,815,0.117973736230792,0.133333968496802,-0.249696405148208,0.0939631958292029,0.17563997587854
"323","XGL_03","XGL",3,"MD","E",9222017,39.56346,-79.27938,815,NA,0.120094575614397,-0.208346487239828,0.315748198328327,0.247079755056195
"324","XGL_04","XGL",4,"MD","E",9222017,39.56291,-79.28023,815,NA,0.142801915228491,-0.230796031329334,0.11499374703185,0.310152207434006
"325","XGL_05","XGL",5,"MD","E",9222017,39.56215,-79.27727,809,NA,0.133722201406741,-0.189599050029068,0.170260204411975,0.225598724072679
"326","XPK_01","XPK",1,"WV","E",10232017,38.56175,-79.49467,1340,NA,0.130695931160606,-0.225074751953592,0.207270055708614,-0.164632535855974
"327","XPK_02","XPK",2,"WV","E",10232017,38.56417,-79.49506,1364,NA,0.131911107442292,-0.231276006215271,-0.225745049265266,0.0176446705625452
"328","XPK_03","XPK",3,"WV","E",10232017,38.57069,-79.49226,1309,NA,0.142656817074532,-0.199549780220431,0.110988941257395,0.254842708045258
"329","XPK_04","XPK",4,"WV","E",10232017,38.56457,-79.49476,1360,NA,0.129941211962574,-0.231183859793067,-0.0494993569742999,0.193620120311244
"330","XSK_01","XSK",1,"WV","E",10052017,38.93676,-79.68698,1127,NA,0.122755403277699,-0.236491540574639,0.0130398272826725,0.124775038160481
"331","XSK_02","XSK",2,"WV","E",10052017,38.93525,-79.68056,1101,NA,0.099839462556524,-0.234229677496569,0.0825792865592758,0.161420983390122
"332","XSK_05","XSK",5,"WV","E",10052017,38.94198,-79.66622,919,NA,0.102365117584355,-0.238298061057428,0.0164167059134589,0.173226358589433
"333","XWS_03","XWS",3,"MD","E",9262017,39.66348,-79.09103,787,NA,0.131842320630367,-0.241603342293054,0.335197988237946,0.0943042404910502
"334","XWS_05","XWS",5,"MD","E",9262017,39.65982,-79.09377,788,NA,0.113850207200353,-0.193923016592606,0.0247000975740791,0.123739560870333
"335","XWS_06","XWS",6,"MD","E",9262017,39.65987,-79.09471,788,NA,0.120075780195937,-0.197338409566521,0.286359553505331,-0.00295623845832864
"336","YRB_01","YRB",1,"PA","M",9142017,40.96188,-75.62789,493,NA,0.124152505417114,-0.240878631661375,0.0694360077735851,0.0562597843872359
"337","YRB_02","YRB",2,"PA","M",9142017,40.96226,-75.62781,489,NA,0.132476778119583,-0.239118102398925,0.0357745173286148,0.199290201877047
"338","YRB_03","YRB",3,"PA","M",9142017,40.96158,-75.6273,490,NA,0.132187444979137,-0.194893984987921,0.107589515773636,0.223499640567472
"339","YRB_04","YRB",4,"PA","M",9142017,40.96133,-75.62632,490,NA,0.128633265044142,-0.161154172277902,0.0853910024635567,0.337292738064469
"340","YRB_05","YRB",5,"PA","M",9142017,40.96169,-75.62583,493,NA,0.103419733853061,-0.231900238266141,-0.13469102333601,0.312573326991808
