"Garden","Year","Population","Family","Region","PC1","PC2","PC3","PC4","PC5","PC6","PC7","PC8","PC9","PC10","PC11","Group"
"MD","2019",NA,NA,NA,-4.70421829098285,-4.1013967329013,2.33453804677676,-0.110607083443742,2.2691785411817,0.383187315204751,-0.313508269965989,0.527017921794685,0.0331136820999714,0.316980176279232,-0.309013378004064,"MD"
"MD","2020",NA,NA,NA,-4.87787051551577,-2.9740982027066,2.35554834066143,-0.191176667457619,0.686688225384334,0.023121565256971,0.39727432706597,0.876174716244395,-0.22035625184253,0.366418059612009,-0.040096577890832,"MD"
"NC","2019",NA,NA,NA,-10.5460402327885,-6.32853545718184,2.54230922872494,-3.07156047991834,3.34743911959879,0.832696159181509,2.32158994566627,-0.486194209710209,0.66195965113211,-0.112256360625708,0.0288038040648783,"NC"
"NC","2020",NA,NA,NA,-9.16118094459323,-3.69179321526388,2.80039931957177,-4.46851747413179,1.18069758211865,0.39751655869519,1.51681512010235,0.240619994799849,0.452587419283624,0.146586798286898,0.131904437983456,"NC"
"VT","2019",NA,NA,NA,-2.50715082033783,-5.39317507259996,3.6951925230787,-1.14232853875003,0.808843380875263,-1.43672556753089,-0.302491691472719,1.06656415772329,-0.32483848989026,0.0516455248135554,-0.208035065573667,"VT"
"VT","2020",NA,NA,NA,-4.38368711978011,-6.22357614709199,3.37690120325988,-0.470596301798772,1.96138915185234,-0.325179093234225,-0.317370905924181,1.03368241390287,-0.316710258209834,-0.639244073786647,-0.330509677394261,"VT"
NA,NA,"AB","AB_05","Edge",-2.43917820409998,4.76418137372042,-0.867218059466394,-1.05919478827167,1.26025575924119,-0.48886911670783,-0.67232465439462,0.16059423958398,-0.0271274885041495,-0.10967956428542,-0.0258921223978371,"Edge"
NA,NA,"AB","AB_08","Edge",-2.56260326653772,4.60439168053542,-0.87673334858999,-1.09255108603836,1.10032233029219,-0.447592655709928,-0.662983692093196,0.104228553765668,-0.0090397123886721,-0.0203835919612429,0.0085287734336819,"Edge"
NA,NA,"AB","AB_12","Edge",-2.88169229291207,4.28490746365111,-1.25357332059896,-1.04656811472717,1.17198557749772,-0.892614446528662,-0.530451170220773,-0.0590838450700296,-0.0583652982178367,-0.000870921529664698,0.0383809027862655,"Edge"
NA,NA,"AB","AB_16","Edge",-2.82387817764868,4.21114639750153,-1.47451694049863,-1.11230529518082,1.23669783995754,-0.900706127473144,-0.430890717425104,0.051055647207043,-0.0506392195960444,0.0502579999667954,-0.00669771224454845,"Edge"
NA,NA,"AB","AB_18","Edge",-2.88864662069922,4.35801758776731,-1.27256375014161,-1.05215588401499,1.21696410319139,-0.900553611096903,-0.531933311483194,-0.107234240491297,-0.0341006857247888,0.0131902568302789,0.0170628933966425,"Edge"
NA,NA,"ALB","ALB_01","Core",1.17729781703959,-1.94802826364754,-0.56544313502202,0.426900251053904,0.279908752108254,0.103909541496024,0.027458468541799,-0.22418494636479,-0.0776433850016099,0.186581221757471,-0.0387596621937217,"Core"
NA,NA,"ALB","ALB_02","Core",1.30160561494471,-1.51200181354287,-0.337982966805173,0.488847641747699,0.127105113995644,0.139990489187093,0.113071934266344,-0.329310090792116,-0.0763067747079097,0.182577870904202,-0.0158342966058771,"Core"
NA,NA,"ALB","ALB_03","Core",1.31594437854398,-1.51559329552629,-0.315841500898215,0.499343345555379,0.143629784629118,0.134603031092157,0.125426553965293,-0.285783586266748,-0.0943271286915367,0.169859702883614,-0.0205718808230547,"Core"
NA,NA,"ALB","ALB_05","Core",1.41420272126659,-1.30388405946336,-0.299820039004418,0.478087143742466,0.177497941318152,0.124832620076441,0.187675150533614,-0.265991684960051,-0.109949318835787,0.197858385632041,-0.0308082045096054,"Core"
NA,NA,"ALB","ALB_06","Core",1.43501009249493,-1.23908413743065,-0.307328333177716,0.470627696519023,0.16012554557042,0.140670288643354,0.220839048975144,-0.297998625467917,-0.092666343692038,0.206860511094807,-0.0528197317190306,"Core"
NA,NA,"APP","APP_01","Core",2.4827294004705,0.697115349838684,0.328169963318909,-0.218327764620896,0.255071953435833,-0.328715515833301,0.146170384649084,-0.296007094888556,0.0834498249022653,0.00935122449937828,-0.00790420653763259,"Core"
NA,NA,"APP","APP_02","Core",2.49514240041787,0.827465845703879,0.588764407288175,-0.157479919198392,0.245095877687547,-0.292005594218695,0.0647157430852159,-0.363063108295568,0.0721682915046659,-0.0400580771288215,0.0235794331808425,"Core"
NA,NA,"APP","APP_03","Core",2.66405968875785,1.21226678226952,0.900032342316252,-0.125915509317349,0.420700496907277,-0.133946421902943,0.068554404894404,-0.498034594594666,0.123289051077368,-0.0594745281217782,-0.031340718305875,"Core"
NA,NA,"APP","APP_04","Core",2.48042492373757,0.667743333656948,0.334246987742592,-0.202945202558578,0.211750182820221,-0.295287195682947,0.144846057632136,-0.25089666944926,0.100783363897551,-0.00731550561221654,-0.0163972442181059,"Core"
NA,NA,"APP","APP_05","Core",2.47744129622667,0.631294836173237,0.334729648275551,-0.212285921436996,0.198521536218276,-0.320872797457644,0.130678379770538,-0.24876439532116,0.069282767087647,-0.000644770614977461,0.0098568568090772,"Core"
NA,NA,"APP","APP_06","Core",2.24694734183514,0.40526346871024,0.302996420760515,-0.185777145812321,-0.0224865975822591,-0.341750950244949,0.109318623511217,-0.198723909445841,0.114098121766966,0.0348118446571297,0.0316217511362977,"Core"
NA,NA,"ASC","ASC_01","Core",1.52556622470025,-0.222111191976986,0.270583406530714,0.0616463685860876,-0.129750051371005,0.334763584505511,0.121922406080771,-0.113652123113205,-0.154751106537525,0.12442719172069,-0.080889541701895,"Core"
NA,NA,"ASC","ASC_02","Core",1.62665920360503,-0.447391983819565,0.0467564131156559,0.0655595926481016,-0.0712304032908765,0.311213510689223,0.153488877340506,0.0931696299064474,-0.202611696572835,0.0626098019937656,-0.0760388351187632,"Core"
NA,NA,"ASC","ASC_03","Core",1.68105520995292,-0.394691594440481,0.0501336227496709,0.0752554863674541,-0.0929819793268441,0.389031306981088,0.173371658358681,0.10364701547207,-0.195272249957207,0.0806859857452194,-0.069682183202428,"Core"
NA,NA,"ASC","ASC_04","Core",1.67340470914531,-0.386904441628603,0.025754674661394,0.0668939040020431,-0.108569547902982,0.397513852687538,0.157579549614622,0.052255741421489,-0.186501523841616,0.102785421007232,-0.0655137568416266,"Core"
NA,NA,"ASC","ASC_05","Core",1.68493303522826,-0.373090482043839,0.00922547013811453,0.06537600554189,-0.144946122316515,0.476848797580654,0.169607759191432,-0.00337960142937299,-0.147469088305864,0.115678418331245,-0.0883023700090122,"Core"
NA,NA,"ASC","ASC_06","Core",1.8899312023009,-0.00564413038226466,0.366827773103662,0.0580942953033504,-0.110644405719396,0.538883979088737,0.162928769594404,0.0973165755087367,-0.228894402314377,0.0673686996009112,-0.0738920805625765,"Core"
NA,NA,"B","B_02","Core",0.478062931762958,-1.83915447981208,0.0552644473654624,-0.0818265841482502,-0.344788874392845,-0.476385595272137,-0.206460358461399,0.0963627702683059,0.305736175878689,0.0549687613907088,-0.027872135959116,"Core"
NA,NA,"B","B_03","Core",0.511165506381248,-1.72689111327226,0.0365553927965657,-0.0945597527352888,-0.389813039537304,-0.466000433223349,-0.16533673691373,0.0771239490028215,0.316704664087503,0.0747310760043276,-0.0200041676808519,"Core"
NA,NA,"B","B_04","Core",0.525531655828963,-1.70104422434175,0.0381005553899492,-0.107199823016613,-0.417769008067583,-0.483097686437982,-0.145405460671037,0.0803401239476526,0.311498158105056,0.0759834926488242,-0.0168503640809505,"Core"
NA,NA,"B","B_05","Core",0.428762060291901,-1.86563032142474,0.0226373149160308,-0.0875488069387569,-0.358917654592057,-0.461080298368161,-0.212891981978702,0.0219245389518627,0.332325946553795,0.0565159888834627,-0.0306435721222505,"Core"
NA,NA,"B","B_06","Core",0.496656158817067,-1.78941473632855,0.0377565177617107,-0.11096145292487,-0.398890320681554,-0.494757508302771,-0.19462403156722,0.0621796896942005,0.30695174013107,0.0769640302025443,-0.018206014793816,"Core"
NA,NA,"BAL","BAL_01","Core",1.43990245447399,-1.52482065153923,-0.300922365154276,0.0133598637910287,-0.354577569248275,0.0405682214964356,-0.209766297244217,-0.133287284670068,0.424053426949924,0.151637442564845,-0.0147838861643573,"Core"
NA,NA,"BAL","BAL_02","Core",1.70357328948666,-1.18864631633496,-0.308503021628543,-0.000806283556049264,-0.378086725971167,0.0740874525418303,-0.14457257830385,-0.125602494918941,0.470514379177912,0.121745814577207,-0.0591555478361949,"Core"
NA,NA,"BAL","BAL_03","Core",1.83968958471172,-0.985709927728469,-0.282803385719408,-0.0153824525181477,-0.391561797479292,0.0897191866321167,-0.0789135738632323,-0.0738832452796467,0.479466793396313,0.153879524566679,-0.0533132280149151,"Core"
NA,NA,"BAL","BAL_04","Core",2.00464771897623,-0.871248175909902,-0.278978851973191,-0.0075719378422433,-0.375274980806385,0.0825427443081263,-0.0810249458643727,-0.0221239423555982,0.460427150158244,0.084815886847136,-0.0467738821997615,"Core"
NA,NA,"BAL","BAL_05","Core",2.06922796106812,-0.62897463985547,-0.0283091027535532,0.0384081309291359,-0.463558698528908,0.0897723739312425,-0.0967211112050777,-0.107908339238143,0.491083573120786,0.0501658019753052,-0.0138789344530971,"Core"
NA,NA,"BAL","BAL_10","Core",2.76061062995658,0.491150067187959,0.492656251588104,-0.0232177683771707,-0.535072024520689,0.460264146761239,-0.0638194192831895,-0.317013328671772,0.651389854238819,-0.0833657046790992,0.0250853464265549,"Core"
NA,NA,"BBE","BBE_01","Core",0.892297199307082,-2.21945830488208,-0.943517264429528,0.139628272602272,0.208223969704196,-0.0228444014193832,-0.124919936334157,-0.27990823634206,0.022992238054593,0.200490991254428,-0.0168154710217347,"Core"
NA,NA,"BBE","BBE_02","Core",0.904166337493701,-2.17308249850577,-0.96125942423622,0.153700114984652,0.198693587295339,-0.000635156853309986,-0.102352804506524,-0.330052176815034,0.051028108223558,0.217892706762514,-0.0351937502798807,"Core"
NA,NA,"BBE","BBE_03","Core",0.909835819954456,-2.05921199188246,-0.987682145709186,0.161715025570025,0.202728997260005,-0.0280983502263939,-0.0655538076585112,-0.362501830064652,0.0598389793954553,0.235915380804745,-0.0288593881555923,"Core"
NA,NA,"BBE","BBE_04","Core",0.931256331716618,-2.02050290644203,-0.994379480536048,0.14702724142287,0.15605699515121,-0.0509408175186326,-0.0381135332104611,-0.379918041153988,0.0509757545266923,0.248850868978831,-0.0223431730203653,"Core"
NA,NA,"BBE","BBE_05","Core",0.918447250716504,-2.08824554412627,-0.992396099544733,0.162594020237069,0.158772500603333,0.017847356113106,-0.0607380808503099,-0.382337592629136,0.0687015563059156,0.241783818021481,-0.027568924651959,"Core"
NA,NA,"BER","BER_01","Core",2.05246398622531,-1.96648001036101,-0.94698144258771,-0.0527355774580408,0.278604122492141,0.214483468096785,0.00197960952962278,-0.0939541371597593,-0.0633639703622229,0.243965720592633,-0.000754887474495077,"Core"
NA,NA,"BER","BER_02","Core",2.05116377286978,-1.95270835760865,-0.954275638529086,-0.0665466730251131,0.258159200951677,0.209547042824297,0.00936422142121747,-0.110906899540262,-0.0630689472320497,0.247265511672455,-0.000431049815998923,"Core"
NA,NA,"BER","BER_03","Core",1.96382402726494,-1.94635049482604,-0.929931128573284,-0.077692150127169,0.285288857716532,0.169518199632442,0.0444291239221286,-0.116651003413828,-0.0434376658961192,0.329187662296677,-0.0082269291263902,"Core"
NA,NA,"BER","BER_04","Core",2.05146000721981,-1.93863133963652,-0.960102576722656,-0.0798692958905834,0.23893124733324,0.204255623318926,0.0169321959127458,-0.124726397257033,-0.0636604820761749,0.250164694846948,-5.18609188085739e-05,"Core"
NA,NA,"BER","BER_05","Core",1.98449131942196,-1.83191271797102,-0.741763012734763,-0.012971989051311,0.198146299297892,0.158092850142109,-0.0709865816519196,-0.235922810885729,-0.07987450552957,0.197306835622998,0.0464278874116002,"Core"
NA,NA,"BER","BER_06","Core",1.97969633494321,-1.83312542863331,-0.747460882088397,-0.0167563072773425,0.194170741218901,0.16096786859793,-0.0701791486345409,-0.253322617993761,-0.0792883476131845,0.200369428247222,0.0463305649278293,"Core"
NA,NA,"BFA","BFA_01","Edge",-0.638064797267446,1.1868763593901,-0.886240485277531,0.72751086292549,0.102964726565783,-0.244678137442594,0.202968193627326,-0.312488419800477,-0.0481188427444776,-0.109336320356184,-0.0514120888417508,"Edge"
NA,NA,"BFA","BFA_02","Edge",-0.662936385131591,1.06609968296776,-0.877420650042094,0.764271860874483,0.0925654431075146,-0.213903640265809,0.178035907957656,-0.280690860219099,-0.0560261539886302,-0.124841530366084,-0.0339363722990073,"Edge"
NA,NA,"BFA","BFA_03","Edge",-0.643132109287384,1.06730114046501,-0.880997202996473,0.754053453464564,0.0706559040991039,-0.230831324259578,0.181741912118993,-0.321944390544187,-0.0454389332224953,-0.10684594355082,-0.0461052235671489,"Edge"
NA,NA,"BFA","BFA_04","Edge",-0.662037042832893,1.07080541665935,-0.895708712709861,0.763483196353487,0.0670808302254155,-0.218359413004297,0.191239106219397,-0.334281554698199,-0.0489994162176803,-0.107455525672574,-0.0238353796335025,"Edge"
NA,NA,"BFA","BFA_05","Edge",-0.662644752364601,1.06161056857641,-0.890708015220767,0.766919738869921,0.0860710493274737,-0.20954710380645,0.180422028002403,-0.324895658492443,-0.0518604342110684,-0.109186925526668,-0.0261432394584688,"Edge"
NA,NA,"BLA","BLA_01","Margin",-0.75755871857769,-2.21423128329967,-1.01082628559704,-0.393456618760821,-0.0339683647763324,0.130453908726611,-0.516368814659361,-0.0229854075624482,-0.211386352429565,-0.154130094649009,0.105416217354578,"Margin"
NA,NA,"BLA","BLA_02","Margin",-0.710736421843429,-2.07457508928551,-1.02590118912081,-0.358382917318016,-0.0086844748697314,0.115893378270607,-0.467069256005857,-0.0677191907920531,-0.179441236113764,-0.121554745162038,0.0715170235857677,"Margin"
NA,NA,"BLA","BLA_03","Margin",-0.665394899043771,-2.0373200237446,-1.02471706419979,-0.362018841472236,-0.0287012217562234,0.101383947107508,-0.457656355075883,-0.0739660055109033,-0.193520583051848,-0.0945368993366484,0.0862604787119022,"Margin"
NA,NA,"BLA","BLA_04","Margin",-0.665664469159538,-2.03737158655956,-1.02496481978837,-0.36210132312338,-0.0289067143523675,0.101443890089744,-0.457687316990338,-0.0744950767201793,-0.193370882228619,-0.0944692542023667,0.0862511323112837,"Margin"
NA,NA,"BLA","BLA_05","Margin",-0.686287005089863,-2.05632450029918,-1.02630576332599,-0.352400252418771,-0.0190971527718251,0.106999718152539,-0.464012859759309,-0.0679473772922196,-0.18634695381913,-0.105366517268976,0.0794399037970233,"Margin"
NA,NA,"BRA","BRA_01","Margin",-0.488960273490458,-1.98819513146793,-1.03585542166653,-0.312270992201092,0.0404375343041252,0.125832871866171,-0.501086542516096,-0.117268045811577,-0.20713747032623,-0.11521770553951,0.0845306365724893,"Margin"
NA,NA,"BRA","BRA_02","Margin",-0.453530329155053,-1.92491320229325,-1.04279665862598,-0.288244786493656,0.0257349991508239,0.133200101590309,-0.47318904430219,-0.131681212417022,-0.185694923603579,-0.0958530569533057,0.0698802915580712,"Margin"
NA,NA,"BRA","BRA_03","Margin",-0.471070150149045,-1.94993282194913,-1.04199595410763,-0.29108858626524,0.0547920237307546,0.153489935922536,-0.489776148607654,-0.139934880503845,-0.180969376125487,-0.102560352844548,0.0656374840074681,"Margin"
NA,NA,"BRA","BRA_04","Margin",-0.467289528676061,-1.94333095489314,-1.03990284110015,-0.27943224832114,0.0399773724034283,0.138956826448868,-0.477210959086329,-0.122559666559743,-0.181961354816343,-0.106103456721961,0.0650080385963079,"Margin"
NA,NA,"BRA","BRA_05","Margin",-0.397179388718489,-1.87242754674557,-1.02648386802933,-0.247392561185948,0.0456351652776783,0.142867842718677,-0.448907252729411,-0.101529395535138,-0.174922373643387,-0.0823426523188155,0.0572874042548532,"Margin"
NA,NA,"BRB","BRB_01","Edge",-1.16074009124961,0.280813033626942,-1.84078819339981,-0.794244403975545,-0.8273804148713,-0.23617395211072,0.253542123999882,0.226063849647689,-0.184205054358018,-0.0555457591353219,-0.0323612735374014,"Edge"
NA,NA,"BRB","BRB_02","Edge",-1.17751060375861,0.246555841895153,-1.8352144916367,-0.824571938738067,-0.841997585323568,-0.262682285721551,0.238260305947682,0.246372167020559,-0.204750628058358,-0.0677244677376899,-0.0105198411809462,"Edge"
NA,NA,"BRB","BRB_03","Edge",-1.18941853610283,0.239487232867117,-1.83013347280893,-0.832656886271159,-0.841798394977839,-0.263445808374607,0.2487498298226,0.252647313861816,-0.203687744354486,-0.0833165689648636,-0.0156521728492798,"Edge"
NA,NA,"BRB","BRB_04","Edge",-1.16326311525668,0.240881288805519,-1.83760575282582,-0.790080182966742,-0.869590327738041,-0.194451955075304,0.271835223356728,0.223658633316813,-0.176279040063977,-0.0675726910458529,-0.0375226255546902,"Edge"
NA,NA,"BRU","BRU_02","Margin",-0.835446898862183,-2.28765724917547,-0.391508196644878,0.399236439892621,0.392035862996767,0.0726085026311356,-0.509625701874004,-0.266541063613371,0.00511285467287201,-0.0275472466517005,0.00811600782361842,"Margin"
NA,NA,"BRU","BRU_03","Margin",-0.842994180475862,-2.22693725611559,-0.419778545453643,0.417508669020613,0.446118839184387,-0.0211455873995831,-0.511651543263545,-0.328021629160027,-0.00215155284272123,0.0080984557322719,0.0270965446055528,"Margin"
NA,NA,"BRU","BRU_04","Margin",-0.809946954280049,-2.15714394564391,-0.42160511714173,0.421136587661157,0.433760711836527,-0.0109275911247173,-0.486248693137819,-0.333764329095654,0.0188985666934031,0.0191806616324875,0.0093288939132798,"Margin"
NA,NA,"BRU","BRU_05","Margin",-0.73337983239558,-2.09040202795804,-0.455775964593291,0.426165550748081,0.453995778112119,-0.0752669350899104,-0.505156005884215,-0.346704973606431,-0.0159895865643976,-0.055251809714472,0.025560926664093,"Margin"
NA,NA,"BRU","BRU_06","Margin",-0.735224595823208,-2.09075489049625,-0.457471443513533,0.425601099703322,0.452589519762833,-0.0748567241098964,-0.505367889190616,-0.350325594589241,-0.014965131004873,-0.0547888901900842,0.0254969659465189,"Margin"
NA,NA,"CAM","CAM_01","Core",2.1386229810616,-0.345335509837738,-0.249964071707217,-0.438160131703033,-0.674155056010261,0.0742140857390989,-0.0240889130627099,0.196513075941879,0.379231544720555,0.0458220952608024,-0.0457775287596387,"Core"
NA,NA,"CAM","CAM_02","Core",2.75823757492602,0.676936322442025,1.01497547642142,-0.249621300692575,-0.472070510114297,0.558448765851794,-0.146885828962566,0.0558299836794821,0.365993163198556,-0.0678830608638347,-0.00679759351915554,"Core"
NA,NA,"CAM","CAM_03","Core",3.38077002398328,1.61466469097847,2.00601515400581,-0.108480433175785,-0.011135648161374,0.970051784482495,-0.186067855844867,-0.0935649238770222,0.30499395171945,-0.244252665019278,0.00352592501676717,"Core"
NA,NA,"CAM","CAM_04","Core",3.1924009347051,1.30128854823704,1.65326414435873,-0.146715985950206,-0.198973744034984,0.865684008599547,-0.192745145870816,-0.0600852486460792,0.346452758927761,-0.209144833270981,-0.0167681679584406,"Core"
NA,NA,"CAM","CAM_05","Core",3.05132819623981,1.06721229055727,1.33219584999379,-0.189392711032371,-0.287078567734197,0.761795581144116,-0.157666952074593,-0.00902887257090024,0.364531997794655,-0.176710719151414,-0.0246164434358082,"Core"
NA,NA,"CAM","CAM_06","Core",3.02639736163787,1.02326457258288,1.33207128759066,-0.181777366729092,-0.308243291387535,0.726393221340007,-0.173469194911175,0.027150961211575,0.344502903029479,-0.187687681129386,-0.00810467659024128,"Core"
NA,NA,"CRR","CRR_01","Margin",-0.813732517856299,-0.270454043264059,1.19690088742158,-0.386970287826149,-1.23369013673239,-0.297806770080575,0.144457875626925,-0.000925807149025515,0.000884542324034239,-0.063466450795077,-0.0266706998446948,"Margin"
NA,NA,"CRR","CRR_02","Margin",-0.82832426315297,-0.316312339955358,1.19591288564501,-0.391134144338284,-1.2509688584327,-0.326872866410736,0.137419787269276,0.00106368783652516,-0.0222808338742352,-0.0651922294799,-0.00129539437447821,"Margin"
NA,NA,"CR","CR_03","Edge",-2.81303222274112,3.7885845319669,1.16145167397896,0.560833761450233,0.100808104389058,0.247928027886444,-0.241034744610143,0.274737322000074,0.114982557755332,0.189473778037935,0.0450674245015486,"Edge"
NA,NA,"CR","CR_04","Edge",-2.81158963741422,3.75900168349418,1.17962862907349,0.579505150316449,0.102102424502037,0.226147341440607,-0.225896521558309,0.296297154722798,0.120050682838613,0.17269640608326,0.0171215763360562,"Edge"
NA,NA,"CR","CR_05","Edge",-2.75775987048047,3.71049535257442,1.25235048450237,0.622637873416501,0.143054845105452,0.172846133061537,-0.208098730158068,0.458510640551641,0.0534844218532696,0.141992072214374,0.0418380843611656,"Edge"
NA,NA,"CR","CR_06","Edge",-2.74348194538442,3.693513312086,1.27840272753819,0.664501391276622,0.160970245662487,0.15736247223157,-0.18658259058811,0.522107171574243,0.0385812761366187,0.124490976293034,0.0379557459831552,"Edge"
NA,NA,"CR","CR_07","Edge",-2.78916147096746,3.6525552806812,1.27551730104074,0.669586290511052,0.179467887545577,0.0809808699590173,-0.174402392456946,0.514791636342839,0.0108597282025668,0.107105660893685,0.0593069824485362,"Edge"
NA,NA,"CRA","CRA_01","Edge",-2.1520078271224,-0.342802442322968,-0.978782490190726,-0.199963235061673,-0.392385581552722,-0.265008768975441,0.105383922250271,-0.210375055405596,-0.0185180186153239,-0.016331564006409,-0.0856517420134315,"Edge"
NA,NA,"CRA","CRA_02","Edge",-2.08755663666846,-0.306735481433345,-0.999052412048249,-0.330313284629579,-0.569313443076523,-0.127257278666814,0.0654016911690463,-0.255059294775394,0.0140648665056354,0.0224556329691809,-0.075692763186983,"Edge"
NA,NA,"CRA","CRA_03","Edge",-2.09068936711594,-0.302579527227423,-1.00196295085804,-0.339416790098637,-0.571860197060333,-0.124999539738937,0.060627538356906,-0.259948610707993,0.0168534122047944,0.0229817960576947,-0.0761560915486977,"Edge"
NA,NA,"CRA","CRA_04","Edge",-2.06903537981396,-0.316582655496202,-1.00133738026687,-0.346786376758528,-0.610191123597676,-0.0779487415232182,0.051347754972146,-0.259589283009571,0.0217863181587731,0.0329081314369203,-0.0744296638905221,"Edge"
NA,NA,"CRA","CRA_05","Edge",-2.06838308262796,-0.312184816760266,-1.00155144834603,-0.355403125537957,-0.610331298742931,-0.0766143787161426,0.0471654972144913,-0.259957447516716,0.0250706354299906,0.032994266318449,-0.073129673113259,"Edge"
NA,NA,"CRA","CRA_06","Edge",-2.12395177389203,-0.349331700344882,-1.01419631783891,-0.312174254150949,-0.553833377757906,-0.109266848765121,0.0585337739315263,-0.296107759965564,0.0281914933320949,0.019400346862013,-0.0795941040036808,"Edge"
NA,NA,"DG","DG_04","Edge",-2.64231786996265,4.04980590919377,1.62557621258608,0.926948031670896,0.00499622581659339,0.512232208714146,-0.336696298934857,0.0513711873119789,0.20800841373251,0.0513390785301556,0.00698531458084171,"Edge"
NA,NA,"DG","DG_05","Edge",-2.68998958151531,3.98089666232939,1.616523979748,0.941621647438,-0.0253493712487138,0.477245934164612,-0.326979582893239,0.046994588079866,0.192953693064588,0.0330065255993841,0.0224553177374767,"Edge"
NA,NA,"DG","DG_06","Edge",-2.69992646496519,3.97247521291488,1.61686291784576,0.946335423775159,-0.0274883469808155,0.475366032999757,-0.318614191372878,0.0479579621860975,0.193088740887906,0.0250304395016887,0.0184392201138119,"Edge"
NA,NA,"DG","DG_08","Edge",-2.64162681135677,3.84537523779585,1.38289610752592,0.862958189441613,-0.0275571917834657,0.489165655268165,-0.247306184622156,0.140876537718372,0.188499033627524,0.0936009705748477,0.00057278505439027,"Edge"
NA,NA,"DG","DG_10","Edge",-2.63304025615303,3.94502512688265,1.62881068712999,0.946003588723068,-0.092252570459383,0.565028476105542,-0.334829355113,0.0661530998801217,0.198341782916643,0.0509755370637814,0.0303547360491712,"Edge"
NA,NA,"EQU","EQU_01","Core",0.916591074587198,-0.700151006037057,-0.104654304417564,-0.427136980315647,-0.867697312321424,0.120453961036236,0.0820410477311394,0.00847685341197536,-0.115789139175522,0.181311738974476,-0.0523643653152255,"Core"
NA,NA,"EQU","EQU_02","Core",1.04165072465856,-0.274922053472406,0.149730569274729,-0.425666811679363,-0.856525403053745,0.18085348726258,0.0480262538034218,-0.0830941586612485,-0.107498486919585,0.182701666205643,-0.0511977854939087,"Core"
NA,NA,"EQU","EQU_03","Core",1.18739893879863,-0.201455356513775,0.207950069428475,-0.430024842004748,-0.833064935457667,0.245258632990712,0.0536236271394251,0.000298584978351973,-0.126577830156649,0.213113702229585,-0.0520840128830722,"Core"
NA,NA,"EQU","EQU_04","Core",1.86998250189022,0.652347338215877,0.570068221741087,-0.446190659533185,-0.496919026758948,0.517058079920624,0.0133793279894764,0.047198746458063,-0.183377942314848,0.131372842623736,-0.0466990885804053,"Core"
NA,NA,"EQU","EQU_05","Core",2.0554922566279,0.805083788162381,0.637474967452275,-0.49089459793471,-0.382040521208602,0.59187677840372,0.0128221684228238,0.0846006575076033,-0.194302398165,0.18380126231879,-0.0520612478984128,"Core"
NA,NA,"EQU","EQU_06","Core",2.14826259637163,0.954217552479587,0.693923099486725,-0.499118429893829,-0.245163400236028,0.618394457321676,0.0436395704440242,0.167551574030337,-0.207825431738532,0.17980549886543,-0.0659919682512321,"Core"
NA,NA,"ESC","ESC_01","Core",-0.447723941873933,-1.72020911686203,0.14286676884257,0.632170221579167,0.564645281091349,-0.0909316242012644,-0.2266628798568,0.0901057307820219,-0.115308488831591,0.000296546774538367,-0.0324344376936321,"Core"
NA,NA,"ESC","ESC_02","Core",-0.426510713393556,-1.70007003706365,0.148114686261684,0.627955602126203,0.556405448589874,-0.100154646172821,-0.223142989207804,0.103602759976986,-0.121104867153733,0.00681710109518707,-0.0273726691839386,"Core"
NA,NA,"ESC","ESC_03","Core",-0.398648541253934,-1.6425444323101,0.151025667454468,0.64589620598246,0.545689334397417,-0.0944343210686686,-0.184414630504528,0.106890471152781,-0.103607382419104,0.00899076586796473,-0.0486369525469452,"Core"
NA,NA,"ESC","ESC_04","Core",-0.31702018768477,-1.39703256946668,0.402102237464134,0.756049118798835,0.445329632350783,-0.10573917028383,-0.188715237490922,0.0538996087189619,-0.10731549134137,-0.0106685261968176,-0.0270329021689477,"Core"
NA,NA,"ESC","ESC_05","Core",-0.146531301645421,-0.99788554762389,0.717803204484117,0.882680591425545,0.274889834903053,0.0221467333850183,-0.074676458858158,0.0755322525425195,-0.0597979794848461,0.078516238415242,-0.0510984072678927,"Core"
NA,NA,"ESC","ESC_06","Core",-0.0353751273103849,-0.736455763872106,0.999218345576535,0.989621579967349,0.224775729161802,0.0292770130288467,-0.0847195253662723,0.0949162185347157,-0.0903749341907142,0.048678062034835,-0.0038620886582556,"Core"
NA,NA,"G13","G13_01","Margin",-1.1708714862528,-0.829780276904841,1.13559233269284,-0.0217013258491916,-0.937414421746577,-0.317644442737975,0.0850172509590422,-0.127033668484232,-0.0455887990994524,-0.136782877847202,0.00874379891475221,"Margin"
NA,NA,"G13","G13_02","Margin",-1.17995568091625,-0.844103915161804,1.13860517650158,-0.0255804036878276,-0.921365169762238,-0.307912020305061,0.0801486101294071,-0.129270535711341,-0.0423604303890559,-0.143728107110251,0.00708095024658714,"Margin"
NA,NA,"G13","G13_03","Margin",-1.18667008113248,-0.858269799966443,1.14250513169472,-0.0310515582489709,-0.903829783569119,-0.296897776105281,0.0769103246635796,-0.134845272061345,-0.0425247324259097,-0.149408652360597,0.00556919273647747,"Margin"
NA,NA,"G13","G13_04","Margin",-1.17681373760493,-0.844280574407588,1.13941969220613,-0.0276075885753763,-0.919769166342479,-0.306883615609429,0.0820248114522537,-0.134000473460588,-0.0435841825583809,-0.14214740834202,0.00889089951345926,"Margin"
NA,NA,"G13","G13_05","Margin",-1.18059506495823,-0.843744107482737,1.13879979322428,-0.025104672838366,-0.921373832695601,-0.307688125495043,0.0799180130901278,-0.127617896491746,-0.044603077477688,-0.144077437480881,0.00542669529347268,"Margin"
NA,NA,"G18","G18_01","Margin",-0.814579359613938,-1.7128190866031,-0.411157465051285,-0.322710595754463,-0.181681727831027,-0.0543258762220823,-0.35272156687296,-0.165273454399119,-0.183694817612954,-0.123653780718548,0.0647407900672255,"Margin"
NA,NA,"G18","G18_02","Margin",-0.775919281424598,-1.63924608677006,-0.402623186274004,-0.311691280935002,-0.187047149555741,-0.0467561729744913,-0.328818009981587,-0.137473536615686,-0.17667363021802,-0.118388278353165,0.0389383858109553,"Margin"
NA,NA,"G18","G18_03","Margin",-0.757713139959318,-1.59959655209515,-0.408128431846098,-0.321385500789744,-0.234571274214985,-0.0723380029227072,-0.304777583885052,-0.139405492576251,-0.184793950382898,-0.109384443140348,0.0419411271517083,"Margin"
NA,NA,"G57","G57_01","Margin",-0.988841915596922,-0.520190364599062,1.16248612196252,-0.286736059103215,-1.18328903412554,-0.288114510070787,0.109753517203048,-0.0354104026521576,-0.0232562800469371,-0.111899244185995,0.00899508425720467,"Margin"
NA,NA,"G57","G57_02","Margin",-0.991345118545652,-0.520669172088909,1.16018548667829,-0.287501976021609,-1.18519721920439,-0.287557885129402,0.109466007753637,-0.0403233085482031,-0.0218661721669569,-0.111271097779189,0.00890829445292048,"Margin"
NA,NA,"G57","G57_03","Margin",-1.03582940315781,-0.597109779952637,1.15282275626198,-0.284167202819222,-1.18107849600471,-0.298602589279593,0.0858057048582738,-0.05029771642053,-0.0355371233518354,-0.121082719960665,0.026565190226611,"Margin"
NA,NA,"G57","G57_04","Margin",-0.991652812671376,-0.474211015351974,1.15227730423073,-0.28552392481544,-1.17829915409774,-0.34976492764071,0.127464394778881,-0.0505055969581206,-0.0329296280118686,-0.103626125990264,0.0136650616851252,"Margin"
NA,NA,"G57","G57_05","Margin",-0.999961424330738,-0.574321998488431,1.14967047368458,-0.252035066922876,-1.18459292690621,-0.292870070996245,0.120305879568272,-0.107843926974374,-0.00732508894886588,-0.0980618188840937,-0.0074533586839369,"Margin"
NA,NA,"G57","G57_06","Margin",-1.05283318607186,-0.625176394855447,1.15357945176866,-0.259386120988046,-1.16851335888653,-0.295164922329731,0.0900826445368462,-0.047154881775953,-0.0346971344614679,-0.130508798809847,0.0206577799269358,"Margin"
NA,NA,"G57","G57_07","Margin",-1.04734761067385,-0.468239367516276,1.1842082033762,-0.408774555613003,-1.06214995907125,-0.529720608367678,0.0687953035098226,-0.000931337353755612,-0.0806780865887868,-0.146149032760228,0.0393428740192595,"Margin"
NA,NA,"G57","G57_08","Margin",-1.03721446761989,-0.432448719949111,1.18245195842768,-0.387367806787512,-1.04763230084485,-0.504594113976261,0.0827917989983575,-0.00620081887021393,-0.0550577410376963,-0.144643868580537,0.014453479076679,"Margin"
NA,NA,"G57","G57_09","Margin",-1.05239559476485,-0.410500161683482,1.17779509532348,-0.387417707935561,-1.0096446305597,-0.547104233749229,0.0845093340493462,-0.0194035947297392,-0.0628763790979148,-0.144375288261518,0.0150598864324063,"Margin"
NA,NA,"G57","G57_10","Margin",-1.05181601033126,-0.40563412355463,1.17829645829571,-0.395385338754401,-1.0093614965923,-0.54567198404272,0.0801615652058073,-0.0170069438267678,-0.062149399430288,-0.144780682582145,0.0147252696009061,"Margin"
NA,NA,"G57","G57_11","Margin",-1.05211405816805,-0.410446309944741,1.1780538490249,-0.387331564843271,-1.00943001594628,-0.547166837659059,0.0845416703934586,-0.0188510375321508,-0.0630327252870665,-0.144445936229454,0.0150696477288873,"Margin"
NA,NA,"GFM","GFM_48","Edge",-3.47380107968264,2.59375716929227,0.483570856474384,0.127431069929683,-0.33440702492805,-0.32283029721059,0.0010383513713401,-0.261610936294422,0.163879315769345,0.0916942264245505,0.043169709356832,"Edge"
NA,NA,"GFM","GFM_49","Edge",-3.46478446299028,2.59721170765792,0.498411443661035,0.11799429438678,-0.323692990032005,-0.324157191912515,0.00442448994266856,-0.234734245272604,0.158705352943408,0.0813209987162956,0.0424344341738058,"Edge"
NA,NA,"GFM","GFM_50","Edge",-3.42980183730021,2.64730157367861,0.503437136550573,0.143300809447959,-0.299667893853174,-0.299583794774671,0.00500354642431383,-0.21962003696139,0.17712480328349,0.0949107943440107,0.0227713619833517,"Edge"
NA,NA,"GFM","GFM_51","Edge",-3.40146186529313,2.66226844572965,0.513427101532487,0.148268577326926,-0.287499664957303,-0.30091305500077,-0.00801298674402483,-0.192385745659535,0.167985528772456,0.106119532625847,0.0281187052422316,"Edge"
NA,NA,"GFM","GFM_55","Edge",-3.34831406405289,2.87683022263502,0.76766772137385,0.290163281207346,-0.267236340147911,-0.22187521064971,-0.0860004539463332,-0.235877484623755,0.204023624684536,0.0801590469396699,0.0118218057971112,"Edge"
NA,NA,"GPA","GPA_01","Edge",-0.315092380451845,2.23053814850153,-0.98523742480626,0.257444185874336,0.0503583090049067,0.373638221054989,0.159550565343646,-0.33841348123193,0.103743474667712,-0.11352240373932,-0.154501663836807,"Edge"
NA,NA,"GPA","GPA_02","Edge",-0.391216650850348,2.05346098729007,-1.06303751830378,0.243926106492165,-0.136812679111949,0.401623650284407,0.132283602771752,-0.512743034921552,0.149916426393449,-0.0816500537738192,-0.115469590153152,"Edge"
NA,NA,"GPA","GPA_03","Edge",-0.348369082892174,1.93412125810077,-1.30623514544625,0.223489313109411,-0.0555989129888598,0.283057157889679,0.183638790027559,-0.280975327487093,0.0500271764539706,-0.163947900917713,-0.120867584847965,"Edge"
NA,NA,"GPA","GPA_04","Edge",-0.653929076335182,0.812872763100749,-1.77502538213717,0.184469420423798,-0.33210718749236,0.210330981088702,0.241782259815289,-0.0518479133718298,-0.0355285590420266,-0.0715565022453508,-0.0737862705791639,"Edge"
NA,NA,"GRE","GRE_01","Core",1.21727186058216,1.14154070575518,0.669398571694625,-0.0974220480710017,0.248394943587333,-0.633400542841038,-0.05625872360917,-0.0542183729689354,-0.12025681899356,0.0614015361102107,-0.00306835253441375,"Core"
NA,NA,"GRE","GRE_03","Core",1.36028082108567,1.65458249920327,0.978352991976435,-0.15165291599504,0.576363036704258,-0.664072718279211,-0.137703886753213,-0.155657486991986,-0.114325747220929,0.0555288243060627,-0.0226451778769058,"Core"
NA,NA,"GRE","GRE_04","Core",1.37943273079602,1.66078904706533,0.98858785942273,-0.142413617634684,0.586484376425795,-0.667530109472924,-0.142111861784366,-0.128897674292087,-0.121148100713985,0.0590833450331041,-0.019655882939634,"Core"
NA,NA,"GRE","GRE_05","Core",1.28559397909684,1.5107670903614,0.953515678153968,-0.111267696487074,0.470820740793006,-0.692078283873411,-0.146941507596277,-0.144080334273489,-0.133406048101874,0.036284714339104,0.00783315997338372,"Core"
NA,NA,"GRE","GRE_06","Core",1.23726193832125,1.21467324073682,0.691633197283757,-0.123573122680234,0.355560390055015,-0.713609353550843,-0.0643574017037232,-0.0304443775270724,-0.163633193142032,0.0664305965236716,0.00277339570394022,"Core"
NA,NA,"GRE","GRE_07","Core",1.16714901621989,1.06093203425142,0.668812980943605,-0.087601549453112,0.213174320589815,-0.679790811601324,-0.0497711767101318,-0.0531686440787997,-0.138263161392282,0.0360190978376656,-0.02244064389237,"Core"
NA,NA,"HR","HR_01","Edge",-2.17604557679068,2.33061125187391,-1.7878570684007,0.0019744207979121,-0.0321250783239833,0.35234631817725,0.268931575522049,0.500627558922284,0.00289954385255001,0.0966396972378716,-0.0616767464733819,"Edge"
NA,NA,"HR","HR_02","Edge",-2.11376944829866,2.37669401545879,-1.82627929957588,0.0302788839263138,-0.0164097146375324,0.375105144582038,0.251015977170552,0.478329815173085,0.00992755678070498,0.00892502849028354,-0.0829530364731112,"Edge"
NA,NA,"HR","HR_03","Edge",-2.2567340424257,2.46874455546813,-1.59370506269518,0.0813342769676482,-0.0764170035771544,0.338504595657301,0.193470636609642,0.332265363600753,0.0208777822698189,0.0526221619629142,-0.0424765693848423,"Edge"
NA,NA,"HR","HR_05","Edge",-2.10194618062388,2.34879263239256,-1.84325307099575,0.0453983756781146,-0.0665569929170069,0.4222686706639,0.248600554320246,0.436799926908099,0.0189099086485196,0.0323179191943204,-0.07810912263971,"Edge"
NA,NA,"HR","HR_06","Edge",-2.12178011618154,2.34577648183757,-1.8594088063747,0.0423182322646699,-0.0808772584893617,0.424951982275744,0.244807167056581,0.408769361892097,0.0294032527884009,0.0349258600077524,-0.0804978083374055,"Edge"
NA,NA,"HR","HR_07","Edge",-2.2024156875911,2.36236972407815,-1.89415328958117,0.0544524384099013,-0.0320327155112918,0.337671329226604,0.26333659034559,0.336438172900481,0.0366200790842917,0.0241902464965951,-0.0865222421293579,"Edge"
NA,NA,"HR","HR_10","Edge",-3.17300445613929,-0.0338222430550611,-3.03444779104327,-0.831083305178649,-0.738244799161173,0.751972701670544,0.383815391375941,-0.269590418391824,0.188899969107839,0.134985893675018,-0.0497709056570391,"Edge"
NA,NA,"HUN","HUN_01","Core",2.01077299774573,1.08083385218221,0.585328515899258,0.319752384085637,0.3189541871767,-0.0353202182653924,0.253753887418476,0.427206504808817,-0.417892949336752,-0.0722586430787117,0.0536567294422574,"Core"
NA,NA,"HUN","HUN_02","Core",1.994690515964,1.04529962618721,0.577521470795727,0.333152328512903,0.266400434584933,0.00725443599678302,0.259908280499097,0.426598287694625,-0.415252070839371,-0.0803194704169964,0.037155974100652,"Core"
NA,NA,"HUN","HUN_03","Core",1.98663100889151,1.12773137380793,0.570564641899048,0.343995601667245,0.361702968472001,-0.054519738293658,0.275737703727565,0.393899308276926,-0.387598871099345,-0.0770029257378163,0.0282353993583879,"Core"
NA,NA,"HUN","HUN_04","Core",1.98380225707538,1.05257539122937,0.578156387935568,0.364762708662301,0.307024318747409,-0.0485373708182293,0.270715016454679,0.435461647983565,-0.4073060165652,-0.0852368000512227,0.0468600827606718,"Core"
NA,NA,"HUN","HUN_05","Core",1.95634250859275,1.00498144872154,0.56097270540328,0.394263050266199,0.245798301019821,-0.0103360666299172,0.281989312521265,0.420168433619866,-0.391095931780833,-0.0926218947532608,0.0338006037331077,"Core"
NA,NA,"HUN","HUN_06","Core",1.5735181322375,0.160045485671919,0.150394739528119,0.675827166765148,0.157061046186836,0.11479795238507,0.191895342493791,0.30710525335943,-0.243865246900078,-0.0738786447251546,0.0280820967468242,"Core"
NA,NA,"HUN","HUN_07","Core",1.50356331183312,-0.130608183289349,-0.125916475101811,0.639817240698079,0.200598283791782,0.158052721335085,0.1958287769964,0.330264119576573,-0.218325978815047,-0.0220649893455752,0.0173962329674637,"Core"
NA,NA,"IND","IND_01","Core",1.66210801636349,-0.905677249345751,-0.916786275332222,0.0456162516698093,-0.486494528125259,0.699420726601413,0.202679203595799,0.571437859209548,-0.232446321471055,0.0546632720858152,0.00496397237371283,"Core"
NA,NA,"IND","IND_02","Core",1.65744622816403,-0.893030699424467,-0.927952275732251,0.0301052328233059,-0.509980707255606,0.695150080089514,0.209834875881038,0.544979984237137,-0.227686792062768,0.0593163824254777,0.00680334573412032,"Core"
NA,NA,"IND","IND_03","Core",1.59592441428841,-1.01401363165552,-0.930603029137307,0.0714552816513296,-0.459689239531467,0.701843506407459,0.160100521479816,0.555666076446352,-0.231136252510694,0.0424904210024221,0.021061757391956,"Core"
NA,NA,"IND","IND_04","Core",1.68541032287239,-0.873848002072087,-0.907841678953063,0.0268940846360632,-0.508275907024271,0.681815794972305,0.219379678291337,0.590544169456071,-0.238968799941048,0.0539230961088529,0.00970498060928596,"Core"
NA,NA,"IND","IND_05","Core",1.68732495210487,-0.873481775747027,-0.906081988005634,0.0274799128536074,-0.506816390154175,0.68139004827652,0.219599586148482,0.594301912410853,-0.240032054194826,0.0534426446642916,0.00977136367920357,"Core"
NA,NA,"IND","IND_06","Core",1.70227057726178,-0.853107227554067,-0.901331763809049,0.00683475831855371,-0.516313662730021,0.676047589831256,0.22610829016411,0.596689149900163,-0.244591232713074,0.0552847019047837,0.0136368569785688,"Core"
NA,NA,"JAY","JAY_01","Core",2.90340417711911,0.629500132787959,1.18125819116748,-0.91723391733029,0.073266163036257,-0.000494036105965073,-0.0889218833308828,0.347580541854715,-0.20388720210266,0.133032470378704,-0.0598555227519145,"Core"
NA,NA,"JAY","JAY_02","Core",3.08934313179097,0.645122616936309,1.18395759407498,-0.898750231117842,-0.0187496341096804,0.228853671117525,-0.0991293294147941,0.37498409723376,-0.170106746783903,0.0612208588199465,-0.096505167635866,"Core"
NA,NA,"JAY","JAY_03","Core",3.05166151027208,0.551398807659834,1.16993813142679,-0.845674923389627,-0.09695765896133,0.223432462325242,-0.105777436019855,0.408276663607876,-0.156992322941428,0.0476379004734108,-0.0785761644833053,"Core"
NA,NA,"KAN","KAN_02","Core",2.82192479278819,0.967183244195261,0.123165675297103,-0.0658709789830408,0.681465439383072,-0.124903111770838,0.473910505272425,-0.234566035788237,-0.232506767101743,0.0766987882780981,0.064448393883509,"Core"
NA,NA,"KAN","KAN_03","Core",2.85737156696767,0.500675045081028,-0.115431639147736,-0.139675883942762,0.267266611881519,0.130569970619215,0.492123383594375,-0.0424262588612702,-0.24573689423257,0.113446880843039,0.0331735184912392,"Core"
NA,NA,"KAN","KAN_04","Core",2.84242664662548,0.553791403456432,-0.123064933374802,-0.123080738574709,0.316547258863377,0.112695254016147,0.512107374986367,-0.0644126589644245,-0.221578047006592,0.107994110962561,0.00778527951307846,"Core"
NA,NA,"KAN","KAN_05","Core",2.81403509576257,0.485208312565051,-0.148979024487359,-0.127680191510652,0.236945971697748,0.131903041128637,0.491428593636836,-0.0973093544562393,-0.225331667114811,0.117734131614349,0.0272773616356819,"Core"
NA,NA,"KAN","KAN_06","Core",2.77675499008136,0.870689628823809,0.0952668743048147,-0.0574371654437437,0.551655731292876,-0.0646137983971198,0.451389729991613,-0.237661862348287,-0.241019573122776,0.0720250367901268,0.0587625989819755,"Core"
NA,NA,"KIL","KIL_01","Core",4.37899379785979,1.67983202335357,-0.447797133146208,-1.79001881535185,1.01080932409809,0.611031354193749,0.0038380056752878,-0.0929112423562481,-0.170627469298599,-0.12380003017553,-0.0211831712303025,"Core"
NA,NA,"KIL","KIL_02","Core",4.37292905012421,1.678189863195,-0.454153360586654,-1.79254584130473,1.00570744486343,0.612298224229472,0.00329858874621405,-0.107721731423598,-0.164661805497662,-0.121768384637858,-0.0197613585908106,"Core"
NA,NA,"KIL","KIL_03","Core",4.29917852901514,1.6264939714505,-0.484804564577126,-1.74430496552605,0.998325507982516,0.524852797763012,0.000945434517189855,-0.122931317969309,-0.163494508432532,-0.13101304470221,0.000883614688550628,"Core"
NA,NA,"KIL","KIL_04","Core",4.24880578110014,1.52482181024221,-0.515445931531611,-1.67342948799411,0.90771853651463,0.520177873536835,-0.00541083358419728,-0.119171292085265,-0.149409826001375,-0.134060300603065,0.0165110310531711,"Core"
NA,NA,"KIL","KIL_05","Core",4.21321581170568,1.30797631860204,-0.781516356506252,-1.66554587905535,0.883667292669307,0.420239492529138,0.072520265597366,-0.0349282865525324,-0.133550047178875,-0.0861825409688415,-0.0115418220786994,"Core"
NA,NA,"KIL","KIL_06","Core",4.15178745858935,1.23699690246093,-0.817231896701794,-1.61572501561074,0.832277319091576,0.378713460969777,0.0625573567898305,-0.0555487603163169,-0.126435216358754,-0.0857781155167315,0.00752764264374069,"Core"
NA,NA,"KOS","KOS_01","Edge",-0.793643698313726,0.692420880248997,-1.43881960567625,1.3616548549974,0.947557767526384,-0.264894303409855,0.281049406423205,-0.0854240174799284,-0.0159903444972048,-0.118261676566633,-0.104859512823502,"Edge"
NA,NA,"KOS","KOS_02","Edge",-0.563050111775214,1.14195558183947,-1.19984691160123,1.44028771571905,0.859705219650241,-0.4079467876808,0.348007360498614,-0.15260662891836,-0.0560515744798926,-0.209157645992536,-0.0650365172017368,"Edge"
NA,NA,"KOS","KOS_03","Edge",-0.480511511336365,1.10973687318268,-1.4933281401617,1.39001750584737,1.01955934631277,-0.47883043230155,0.37699248872572,-0.15241528099794,-0.0581841177279379,-0.207610068472447,-0.0855640901366735,"Edge"
NA,NA,"KOS","KOS_04","Edge",-0.618122879531038,1.30953916881297,-1.25333311304778,1.49249999746071,0.986324506940593,-0.546050297648327,0.403706439687359,-0.274062620501461,-0.0151825268886403,-0.190107094586386,-0.103724953659002,"Edge"
NA,NA,"KOS","KOS_05","Edge",-0.615629125941204,1.35094999902841,-1.25599407138949,1.48715283176179,1.01337507146668,-0.596996634388695,0.408537462697274,-0.280712897776431,-0.0268325866997669,-0.182430057340362,-0.0981794576220326,"Edge"
NA,NA,"KOS","KOS_07","Edge",-0.602333141888628,1.3271586688813,-1.2119439513029,1.50979247632997,1.07329257187055,-0.592916031346413,0.400609938035862,-0.178198888963595,-0.0435798447864484,-0.213942429104624,-0.108495666051563,"Edge"
NA,NA,"LEU","LEU_01","Core",3.60146568978535,-0.637144963277696,0.0580727048099912,-0.0151681062089922,-0.416728256541468,-0.14376627617475,0.214240867960665,-0.0534348692844294,0.462742052401275,-0.0593658228849392,0.0731341538520452,"Core"
NA,NA,"LEU","LEU_02","Core",3.60496994596391,-0.872134205167279,-0.146403987784552,0.0531947455148071,-0.354045555918695,-0.233742003209042,0.304700097301244,0.180130419697877,0.421161528810426,-0.0418986125354066,0.0569300765143576,"Core"
NA,NA,"LEU","LEU_03","Core",3.73664028080549,-0.431986188700481,0.25127066247407,-0.299164912845569,-0.246931305237629,-0.151734966648901,0.127890145028504,0.234222802701675,0.373929491230927,0.00666249191582879,0.0413478371872568,"Core"
NA,NA,"LEU","LEU_04","Core",3.76349686261741,-0.404737486602018,0.269851416352266,-0.34161238408952,-0.229012165167573,-0.14274788041273,0.114492946268671,0.258365179780707,0.358550509003371,0.0065705931777888,0.0424132295843738,"Core"
NA,NA,"LEU","LEU_05","Core",3.51124199674311,-1.09695058765468,-0.17900451198616,0.228701302976225,-0.278130996827814,-0.128645559116656,0.254548855396055,0.118074917856196,0.479096085723758,-0.0432530172947888,0.048786681849266,"Core"
NA,NA,"LOL","LOL_01","Core",2.71658583731727,0.108761503429875,0.0391387484383484,0.697477603362937,0.128259550784024,0.0715850094832644,0.344748909562927,0.165592747025901,0.323803985893309,-0.141960561574539,0.0476217734045373,"Core"
NA,NA,"LOL","LOL_02","Core",2.95168799105784,0.565821019741118,0.416520929803799,0.768697483875583,0.216795140251062,0.0971195782001441,0.415085745184867,0.313961200508848,0.306995706841999,-0.213100516329558,0.030907386208126,"Core"
NA,NA,"LOL","LOL_03","Core",2.92165900421193,0.556877248090286,0.39309965166483,0.773631421363953,0.195660987178997,0.0987817210355306,0.41302039835767,0.275558675247438,0.321580776139492,-0.210043432950679,0.0268189212951282,"Core"
NA,NA,"LOL","LOL_04","Core",3.04022648195951,1.40151616710633,1.10000903674003,0.933945151064978,0.289115614732718,0.563897789739231,0.370507563833896,-0.243171666732031,0.545096215988194,-0.320588414249985,0.0184267118378295,"Core"
NA,NA,"LOL","LOL_05","Core",3.02643387310444,1.35464823359721,1.10886176537423,0.950796306323558,0.276279859332294,0.526266329664008,0.361757126768479,-0.194379489955215,0.51575622159699,-0.332241061547782,0.0357482964125737,"Core"
NA,NA,"MAC","MAC_01","Core",3.56508178959585,1.12681772925114,-0.0747842300879037,0.00208025661461783,0.894735269047638,-0.344721083791934,0.212555732970909,0.327708993595687,0.490886404090739,-0.349041585536145,0.0292611858136603,"Core"
NA,NA,"MAC","MAC_02","Core",3.39583796502954,0.817432152301994,-0.410792413779049,-0.0108080581520989,0.812150253928835,-0.543214590900029,0.24290506088929,0.336953997085931,0.412554317308043,-0.289815133346591,0.0658876609889952,"Core"
NA,NA,"MAC","MAC_03","Core",3.31951872145797,0.420098452763273,-0.952120681730013,-0.0992010895145556,0.847625624611479,-0.633268554507899,0.341379927042899,0.43877723864904,0.376935751256501,-0.169864077198586,0.0421355998362138,"Core"
NA,NA,"MAC","MAC_04","Core",3.27981809219809,0.393223252058532,-0.970182275473863,-0.0865210985607143,0.843529424996027,-0.624949835490323,0.33712031722185,0.409529753320381,0.390907790583249,-0.176223759899827,0.0333855305297962,"Core"
NA,NA,"MAC","MAC_05","Core",3.20758245976246,0.258042487478676,-0.989041432551794,-0.0716991155339086,0.853002665791321,-0.644577589136897,0.268056536820462,0.3977436890026,0.351697090049243,-0.175914063455313,0.0678090687319609,"Core"
NA,NA,"MMF","MMF_02","Core",3.18478677202581,2.3576594596187,1.82865292493474,-1.74907345859095,0.74642281508106,0.359223609898097,-0.546577739512983,-0.597279740638855,-0.163421037100578,0.11083765026394,-0.078191567301081,"Core"
NA,NA,"MMF","MMF_10","Core",3.70065110339359,3.71977922487337,3.05458958494057,-2.27748529916278,1.36695820391598,0.617336119167618,-0.948349098905413,-1.00786473286704,-0.461979882865254,-0.0969922352262318,-0.0212013955425422,"Core"
NA,NA,"MMF","MMF_13","Core",2.63459276227189,1.08622800905045,1.0236442890963,-1.16623474336703,-0.0761572662089104,0.219760723507463,-0.338425614440557,-0.52258611813066,0.09372527020658,0.124914512471725,-0.0666081467203891,"Core"
NA,NA,"MMF","MMF_14","Core",2.34403998767992,0.302922695191569,0.422740390190257,-0.808060492679798,-0.303293656754268,-0.117388178816574,-0.0963260703659964,-0.270422301255536,0.163876748922404,0.139134181893485,-0.0535038447064675,"Core"
NA,NA,"MMF","MMF_20","Core",2.66289963225495,0.99440542972858,0.810221026364557,-1.16722192333502,0.0577463806168204,0.0707828174905744,-0.23729638614204,-0.354677493930992,0.0739272836613289,0.164414468986999,-0.0794525053557189,"Core"
NA,NA,"MMF","MMF_21","Core",2.65068030313817,1.12923541415506,1.05990098841985,-1.1285775453981,0.0353891976326114,0.113809133496551,-0.325787998017304,-0.437112150946701,0.0662950163646697,0.108407521397348,-0.0584548717498334,"Core"
NA,NA,"MMF","MMF_24","Core",2.642442291361,1.09200251943945,1.03004502852745,-1.17264932085108,-0.0708110102465658,0.219494673216498,-0.341781222412266,-0.508828650886718,0.0930127366480901,0.123194595086823,-0.0650586171078608,"Core"
NA,NA,"MPG","MPG_01","Core",2.73452128232997,-0.446312292330502,-0.242034016538279,-0.689061730909867,-0.0999055097381132,-0.898344049571903,-0.0158516325152526,0.256968590340772,0.17600972744946,0.0500290174175841,0.0231063284003732,"Core"
NA,NA,"MPG","MPG_02","Core",2.65066534259916,-0.51662543371696,-0.338172893171591,-0.717410651729847,-0.262632016029954,-0.787596300991946,-0.0267900720390353,0.0528635017200513,0.249352776886755,0.0797629682761907,0.0167249495990311,"Core"
NA,NA,"MPG","MPG_03","Core",2.66493687586016,-0.46843497299154,-0.315264061878964,-0.720658054157491,-0.192631688853107,-0.821977099752308,-0.021748838279443,0.115113415938232,0.214786744552832,0.0688765171662367,0.0419147089632786,"Core"
NA,NA,"MPG","MPG_04","Core",2.75029657738852,-0.464131460158966,-0.213255327550549,-0.665384587863669,-0.0633107404833974,-0.898907112903268,-0.0107088081258486,0.314807876742861,0.160216365873112,0.0344866265789986,0.0196817194264847,"Core"
NA,NA,"MPG","MPG_05","Core",2.772384381101,-0.445886195808107,-0.199054144013342,-0.672039540550212,-0.065927037614584,-0.909044216625018,-0.00063792746269916,0.34375755587576,0.147523282369802,0.0319174972458552,0.0208164547490944,"Core"
NA,NA,"MPG","MPG_06","Core",2.70324471421687,-0.457049986095161,-0.270748259256581,-0.690486602267375,-0.123588874299158,-0.892950361832963,-0.015029615701028,0.194324570287662,0.192329755067499,0.0581374227976449,0.0223766347224076,"Core"
NA,NA,"MRC","MRC_02","Edge",-2.45930160729513,2.57442547572938,0.864684216534116,0.500119767513167,-0.562028125978875,0.228873930468975,-0.166178954847693,-0.0657886020045951,0.117424851789139,-0.259200348864083,-0.0566866373068334,"Edge"
NA,NA,"MRC","MRC_07","Edge",-2.27292613924644,2.35037095258502,0.737244492648159,0.316237651153455,-0.667849365024886,0.380256288283003,-0.11404129249772,0.202175893927741,0.0821361220576566,-0.228855960441948,-0.075538178491138,"Edge"
NA,NA,"MRC","MRC_08","Edge",-2.30223623680628,2.29993179341588,0.732169573288916,0.307179593185668,-0.691070645397045,0.35193465156596,-0.117677510675983,0.197003554271075,0.0628099360159678,-0.237617932565695,-0.0546994632406909,"Edge"
NA,NA,"MRC","MRC_16","Edge",-2.07645811504319,2.31229881965261,1.17443739630334,0.406587658448533,-0.895138171171178,0.739817816941105,-0.1547689039185,0.458489893218808,0.071123687341103,-0.213820805709823,-0.052806223162087,"Edge"
NA,NA,"MRC","MRC_18","Edge",-2.09694502533442,2.45774563322917,1.39489453545943,0.446341096203403,-0.937549108685637,0.786757158589989,-0.269648545855077,0.333683507288511,0.085245802787625,-0.244281309234164,-0.0239109827551731,"Edge"
NA,NA,"MSK","MSK_01","Core",3.48249261193863,2.04159085911545,1.49169599154448,-0.268611458184842,1.00934595469231,0.574118603608153,0.28498961778047,-0.387163456395991,-0.555950767601064,-0.0706131877228196,0.0340564391551871,"Core"
NA,NA,"MSK","MSK_02","Core",3.66071785784583,2.0995600240375,1.59428859190526,-0.354926221096421,1.15771364314687,0.548722999087351,0.318051305479594,-0.38275920172025,-0.664111581133889,-0.0325399378470834,0.0556122690979873,"Core"
NA,NA,"MSK","MSK_03","Core",3.43213172718459,1.85842115920343,1.20357920650226,-0.316837358596428,1.01545176375051,0.449585972111465,0.358263952069715,-0.398186964492102,-0.529903716950548,-0.00498660175567986,0.0236408082825661,"Core"
NA,NA,"MSK","MSK_04","Core",2.4120246843237,0.597735491454848,0.0608565683006875,0.124061206186774,0.456031136178716,-0.446102346528098,0.420416967910456,-0.107082159231356,-0.158779544493902,0.0525335512757792,-0.00468394168768502,"Core"
NA,NA,"MT","MT_01","Edge",-3.22582591799043,3.43103652995119,0.830681155247661,0.463828268436414,0.11519412058022,-0.139380388680799,-0.0688367820768817,0.0825385580568622,0.120544255762137,0.246474046589243,0.030340542733567,"Edge"
NA,NA,"MT","MT_04","Edge",-3.2503265654871,3.26535278307804,0.575643444206449,0.345301585116638,0.114126378209304,-0.192436048123668,0.00900207066372283,0.128710204910916,0.106443898421898,0.28761413265334,0.0267547096644215,"Edge"
NA,NA,"MT","MT_05","Edge",-3.29715878047057,3.20706668108946,0.571780588741657,0.328757954697216,0.087144963457328,-0.222081590055553,0.0138523812292621,0.1267832849058,0.0933749797071686,0.262809513160131,0.0421975141944666,"Edge"
NA,NA,"MT","MT_07","Edge",-3.56033235636657,2.49134821357573,0.00757847378283477,-0.00485934602586843,-0.196784755859753,-0.320555017772286,0.233961510644486,0.00833379098774434,0.0793057971211555,0.255026860325781,0.0515058538785816,"Edge"
NA,NA,"MT","MT_08","Edge",-3.66271264507256,2.25608142826543,-0.279491623546518,-0.162445672852091,-0.246899187086205,-0.392054208930913,0.324395514541148,-0.0331249279070456,0.0697257543317564,0.278409994150195,0.0666962216602177,"Edge"
NA,NA,"MT","MT_09","Edge",-3.51701898524905,2.76269218050799,0.259117236000272,0.117248081337907,-0.0978041512901866,-0.340766404141511,0.110270652002494,0.00834182897215952,0.0577812112668584,0.24380419095602,0.0878618641715613,"Edge"
NA,NA,"MT","MT_10","Edge",-3.48764918803145,2.68046502608472,0.0186160538463948,0.0387569938975862,-0.0507755450433105,-0.343416104826574,0.213328944688032,0.0705762583314476,0.0800877293416437,0.294220176948275,0.0411038590042915,"Edge"
NA,NA,"MT","MT_12","Edge",-3.25145282076337,3.38527941741608,0.826886883640049,0.444763665844657,0.0938227564813105,-0.16523284708416,-0.0749489705701273,0.0749576974561393,0.10074258472443,0.238896998073163,0.0526532613581828,"Edge"
NA,NA,"NBTIC","NBTIC_543","Core",1.96225524771981,-2.55563561428577,0.066826984012152,0.569593141921601,0.42230537616123,0.0142953803350839,-0.390515262154941,0.0296341646223853,0.0961481812831165,0.0505843431794643,0.0318489175579286,"Core"
NA,NA,"NBTIC","NBTIC_552","Core",1.65568766863739,-2.99921223933683,0.0829937039184848,0.552178030291982,0.449112356839078,0.130201430971262,-0.522928730182513,0.0391037895349944,0.0809397932466856,0.0472191242364913,0.0481750332608974,"Core"
NA,NA,"NBTIC","NBTIC_565","Core",2.54758761056225,-2.57095196027302,-0.0555341639786182,0.492414936146458,0.52855013170272,-0.308785677195369,-0.409249101970134,0.247902347982972,0.392181890985209,0.0117910269763997,0.0389335516848538,"Core"
NA,NA,"NBTIC","NBTIC_623","Core",0.859014397906673,0.00425163633932621,1.3498896731749,1.22910987249119,-0.340661626721224,0.528376145573118,0.151713062900322,0.343397683663919,-0.260410316505991,0.171229336469643,0.0948782880279875,"Core"
NA,NA,"NBTIC","NBTIC_624","Core",1.02085567754739,0.579494403640453,1.61078932178579,1.15675900247825,-0.451164932706171,0.446880957694546,0.241927914923318,0.269573975302543,-0.274872339809039,0.153500691745038,0.10676671403652,"Core"
NA,NA,"NBTIC","NBTIC_627","Core",0.385428035711757,-0.145127887243027,1.95863010575083,1.70157688093691,-0.138448653093152,0.625086477236378,0.023993265016889,0.552487953133619,-0.491301338329025,0.208567747217891,0.273991409314149,"Core"
NA,NA,"NOR","NOR_01","Core",0.36711596956751,-0.173596125284606,1.26702112678054,1.12963163594056,0.00295755479204071,0.114753469203057,0.0409345796913276,0.119601587277653,-0.0950222356731774,-0.00548448673446483,-0.0150170987475291,"Core"
NA,NA,"NOR","NOR_02","Core",0.372906895000274,-0.149582154858274,1.25946742745738,1.13359518239617,-0.00652290535546177,0.11903672436846,0.0557098364006199,0.119607688482687,-0.108389760842931,0.00141191766219158,0.0125041885504408,"Core"
NA,NA,"NOR","NOR_03","Core",0.398701865757875,-0.0915143988976342,1.2536792759718,1.13496667376049,-0.00623376324085861,0.141189889940885,0.0712049260268998,0.0964059900020788,-0.0833919467468545,0.0153089909070111,-0.00446859842506392,"Core"
NA,NA,"NOR","NOR_04","Core",0.371945457511728,-0.0792795484985082,1.2350113477226,1.13703408001538,0.0369479881389131,0.110568773002333,0.0545523048672923,0.0544199378683873,-0.0789722197853126,0.025978337453882,-0.000960870494349928,"Core"
NA,NA,"NOR","NOR_05","Core",0.402643610433999,0.0334708732313773,1.2151077261256,1.13006127843257,0.0267354208117376,0.0659419109907847,0.103780389330642,-0.00909742307064754,-0.0657676397399909,0.0546942880731769,-0.00723847813307832,"Core"
NA,NA,"NOR","NOR_06","Core",0.397595023931284,0.0641738417500478,1.21158266013933,1.12767464111643,0.0673315697137346,0.0234594037388655,0.0957968366215897,-0.0148906257579283,-0.0717533314258571,0.0610305035664567,-0.00267811625189179,"Core"
NA,NA,"OCT","OCT_01","Core",-0.0459535917956513,-0.667399405452744,0.643496749462651,0.169856331630327,-0.356059194742092,-0.231490435527438,-0.0303405905927776,-0.154268074607907,-0.129957793146086,0.144705946306141,0.0863213290027582,"Core"
NA,NA,"OCT","OCT_02","Core",-0.0578694679993066,-0.678461720365598,0.639395286709943,0.172150034583997,-0.345368807682262,-0.221972366179381,-0.043814655465407,-0.159087186346491,-0.124462379195757,0.143952831351837,0.0835524712355516,"Core"
NA,NA,"OCT","OCT_03","Core",-0.122983513376994,-0.805483920542185,0.635534655528795,0.181803055850677,-0.321384353953529,-0.231546183791037,-0.0796806691946308,-0.18875831596935,-0.107971866768674,0.122443287195414,0.0789945521666479,"Core"
NA,NA,"OCT","OCT_04","Core",-0.259431142796867,-0.969258676526863,0.602129161928717,0.191358494010787,-0.315375766943057,-0.229015212464505,-0.111896637519354,-0.274300007167267,-0.0706879362074656,0.0829121473395739,0.0566061628849963,"Core"
NA,NA,"OCT","OCT_06","Core",-0.0371401500412448,-0.659970489318279,0.640052111470288,0.161810270257097,-0.355575707455742,-0.227633656958979,-0.0373196885284762,-0.168332835194462,-0.128947889749299,0.155333074376569,0.0919994885914987,"Core"
NA,NA,"OCT","OCT_08","Core",-0.0259223044290521,-0.626811108150606,0.645369084842946,0.177852439272627,-0.336073426117908,-0.201740906105612,-0.0152327402003556,-0.168633726874591,-0.10981987127435,0.150064954975881,0.0648913592669726,"Core"
NA,NA,"OKE","OKE_01","Core",2.64994642136654,-0.27087841164066,-0.831478665523437,-0.11852210993454,-0.300206509522976,0.545944962634691,0.41152705078785,0.13975081714411,-0.0460497723546962,0.0838848564997173,0.0016579020342827,"Core"
NA,NA,"OKE","OKE_02","Core",2.88015601895186,0.19183379936407,-0.593821910392811,-0.111000887209369,-0.314577247249955,0.66720981370387,0.427268760851814,0.0220066929978361,-0.0350404495441302,-0.013803200713167,0.0274577217271959,"Core"
NA,NA,"OKE","OKE_03","Core",2.89496120078996,0.354048021134723,-0.33001554452336,-0.0470580526559983,-0.309212374168794,0.728508656587693,0.367150202674025,-0.0491438519674279,-0.00791537701127468,-0.0760561643841187,0.0368698308298886,"Core"
NA,NA,"OKE","OKE_04","Core",3.02955809100388,0.728383511131368,-0.0240089414756642,-0.0411152911336825,-0.152362869008634,0.867107269694975,0.336888672876058,-0.123879731190885,0.0299733982789605,-0.113705804648659,0.0220592503661154,"Core"
NA,NA,"OKE","OKE_05","Core",3.04792274124778,0.731600727564259,-0.00842133222284003,-0.0378133457122157,-0.138683897944542,0.864832393961622,0.340356143438952,-0.0958253309055924,0.0176982775116708,-0.116454822841432,0.0227649071876747,"Core"
NA,NA,"OKE","OKE_06","Core",2.93046813699189,0.409824602744857,-0.318942462281858,-0.065410140868834,-0.279982525402764,0.762872737423538,0.373980336196517,-0.0540593200126882,0.0104148049188982,-0.0701124018117045,0.0199464026899789,"Core"
NA,NA,"OWL","OWL_01","Core",1.81660714478799,-1.95862974201512,-0.684536444949271,0.0462722959184473,0.0774747703786361,-0.43822838065737,-0.158826453231922,0.101961787379121,0.248562982699058,0.169381989866165,0.0455374621164141,"Core"
NA,NA,"OWL","OWL_02","Core",1.80574908395452,-1.96118875720281,-0.695298094349994,0.0422786371467316,0.0687189610715934,-0.435895645137786,-0.159916413939449,0.0777437126455156,0.257190525079183,0.172616455335263,0.0467930833946144,"Core"
NA,NA,"OWL","OWL_03","Core",1.83439234011918,-1.94596264812419,-0.674258368619003,0.0464458226964467,0.0717372878352766,-0.448969863541728,-0.144835417701116,0.121207830646822,0.237210432643539,0.168152499564565,0.0468777314408917,"Core"
NA,NA,"OWL","OWL_04","Core",1.85195175667414,-1.9257448182513,-0.670295413375868,0.0441017692553096,0.0615112558045919,-0.459107468500026,-0.143250519877863,0.138430179753917,0.232922063344261,0.173220801925847,0.0501118034303953,"Core"
NA,NA,"PRK","PRK_01","Edge",-1.23850896006563,1.67745326531597,-0.369521751634474,0.511250952160969,0.446936401427733,-0.80257292197513,0.0971774325662943,-0.608694486400449,-0.174358014782529,-0.0651735803033508,-0.025745308387635,"Edge"
NA,NA,"PRK","PRK_02","Edge",-1.19502301004618,1.58068500077137,-0.309992521716085,0.520825269282966,0.405137981711699,-0.750970106849357,0.0879668696611145,-0.46388601602269,-0.207067980630993,-0.0995937482819424,-0.0110301638296982,"Edge"
NA,NA,"PRK","PRK_03","Edge",-1.40519225077605,1.00393497981884,-0.794663117514415,0.309995066415004,0.337451190842745,-0.798105901327363,0.182055554311446,-0.309379237236017,-0.19761165283693,0.0288736135712346,-0.0357936937311668,"Edge"
NA,NA,"PRK","PRK_04","Edge",-1.34292836706274,0.993793798549539,-0.752275503827282,0.286467286301666,0.307944630690927,-0.776906202692981,0.191249540319739,-0.253901345054848,-0.205078767521582,0.0214950872891589,-0.0562473023098593,"Edge"
NA,NA,"PRK","PRK_05","Edge",-1.31781652288161,0.98045208200265,-0.74847189785227,0.28015571656624,0.272249619433624,-0.730624311122906,0.182366914715561,-0.246755461972302,-0.202066119011367,0.0305537182039936,-0.0544009855624125,"Edge"
NA,NA,"PRO","PRO_01","Core",1.54710409376508,-0.416653353849714,0.341328410176459,-0.541914251559309,-0.796393333277128,-0.409275793418582,-0.0343134553846272,0.00464997797326061,0.165485701481771,0.0159009770439945,-0.0732534402712142,"Core"
NA,NA,"PRO","PRO_02","Core",1.50528905560314,-0.541153638034698,0.339751276503137,-0.474781946901309,-0.850464692505324,-0.407932609355609,-0.0226945229529668,0.0364956782828947,0.16796604019142,-0.00973141719517736,-0.0579389150197347,"Core"
NA,NA,"PRO","PRO_03","Core",1.43661258555226,-0.595463496343653,0.380980539072507,-0.49796190736803,-0.866101873118686,-0.433439458492322,0.0041498217389387,0.0637902575545363,0.161706838661578,0.0696294915312084,-0.038924018878433,"Core"
NA,NA,"PRO","PRO_04","Core",1.53212933848134,-0.515774122347695,0.3475577459537,-0.490054146782066,-0.855214425685363,-0.413228200087788,-0.020226328238451,0.0463178822560387,0.155940323933,-0.00116414794248344,-0.0528989063265197,"Core"
NA,NA,"RP","RP_01","Edge",-2.55379286605097,4.21336132789053,-0.931839829331439,-1.55202262390576,0.24751013097435,0.244604770100064,-0.936330757549963,0.124065410522745,0.196560703244195,-0.0495988223521714,0.0399813901143898,"Edge"
NA,NA,"RP","RP_03","Edge",-2.47541380796657,4.05316045600745,-1.13322403911662,-1.63352695705374,0.22710092886542,0.29405142128835,-0.843298420652095,0.279016091152353,0.186657347404249,-0.00920676347380606,0.0149883549705005,"Edge"
NA,NA,"RP","RP_05","Edge",-2.41387869429243,3.96596693657592,-1.06794218874042,-1.65004603014013,0.167972367805049,0.329874134369959,-0.853055190179131,0.409184783268646,0.15807714261304,-0.0374599567820482,0.0094739161507277,"Edge"
NA,NA,"RP","RP_06","Edge",-2.41288029629294,3.959155057473,-1.05833514886294,-1.64265769992687,0.173690590745746,0.325480890272712,-0.843276649563016,0.428702739109344,0.154737199598452,-0.0476703348097257,0.00746904770049445,"Edge"
NA,NA,"RP","RP_11","Edge",-2.73687421647037,3.18225851686252,-1.65421562345417,-1.87745517875239,-0.234660830720592,0.318600501414663,-0.617829567650023,0.27540951453756,0.190089218869512,0.0919813622747909,0.0379428515325692,"Edge"
NA,NA,"SAV","SAV_01","Core",0.744235153542858,0.518033201173491,1.13711239106531,0.160773885974926,-0.701022145830267,-0.100120270601825,-0.0338457743426819,-0.33724497330898,0.0309106452824181,0.107071032117857,-0.0244124683479573,"Core"
NA,NA,"SAV","SAV_02","Core",0.727917245906803,0.472808943191208,1.13610243313781,0.157424599812334,-0.718659240871298,-0.128639092449435,-0.0413964429743691,-0.332828277259648,0.00350842710699086,0.104758860494155,-0.00236118461447705,"Core"
NA,NA,"SAV","SAV_03","Core",0.760620645971716,0.316495564529725,0.907057110172838,0.0976231625624866,-0.721773707442488,-0.122977437437378,0.0599061276999449,-0.230007333318254,-0.00406536597057635,0.148603540001877,-0.0317750811866192,"Core"
NA,NA,"SAV","SAV_04","Core",0.275854487395069,-0.57539441974661,0.393110405631708,-0.0463019974259733,-0.774192706709023,-0.298460629988792,0.0917836683586169,-0.0181401794940347,-0.0326665664817905,0.162497830386756,-0.0256506505567392,"Core"
NA,NA,"SAV","SAV_05","Core",0.280539593546784,-0.501773133637683,0.389543552923281,-0.0353803329086785,-0.733721641182551,-0.323234102156963,0.116149558834614,-0.0319107096182807,-0.0206969788005184,0.164802701117735,-0.0492272592850769,"Core"
NA,NA,"SAV","SAV_06","Core",0.294704891545099,-0.482982167424924,0.388313882276249,-0.0417514411907293,-0.747334092707775,-0.330889910453954,0.118859947955414,-0.0322462860607488,-0.0225794181008024,0.173091842444074,-0.0444098531062352,"Core"
NA,NA,"SAV","SAV_07","Core",0.363681025613428,-0.356736138155437,0.380428260835909,-0.0486975315882994,-0.738783445953514,-0.278879864784226,0.147301534637686,-0.0882258762271659,0.00704457775706991,0.212900853796184,-0.0787016030415446,"Core"
NA,NA,"SPR","SPR_01","Margin",-0.923854813921287,-1.40615784106197,-0.0438806814684258,-0.243999145722936,-0.298811651829058,-0.245164150625313,-0.204064997487709,0.0254330817013771,-0.130556920544324,-0.102169183028545,0.040204130079924,"Margin"
NA,NA,"SPR","SPR_02","Margin",-0.888397454150114,-1.53140118075475,-0.0787145639163554,-0.247087502681748,-0.255871258323264,-0.268532067556612,-0.335016101236348,-0.00906680080863287,-0.162769240483466,-0.169244664851679,0.0869169731651372,"Margin"
NA,NA,"SPR","SPR_03","Margin",-0.841066581224066,-1.42782045606297,-0.0930426187293198,-0.179784451028962,-0.232421307324898,-0.212130281164862,-0.301767322857103,-0.023928736496463,-0.142939743789621,-0.135796035106869,0.0664060149614397,"Margin"
NA,NA,"SPR","SPR_04","Margin",-0.82611108111295,-1.43526244905233,-0.0925875712181698,-0.162659475825426,-0.211963018108735,-0.203283039346461,-0.316567266313994,-0.0287070867281999,-0.146823592240347,-0.119713718861261,0.0730450325741002,"Margin"
NA,NA,"SPR","SPR_05","Margin",-0.800777096370911,-1.45758992010449,-0.0877349023574031,-0.151941771876654,-0.246692590872429,-0.160091084058588,-0.316752861232566,-0.0207359565289032,-0.148629705238243,-0.110700696569089,0.0739763885077018,"Margin"
NA,NA,"TWI","TWI_02","Core",0.927877993635466,0.761776510933881,0.373696001614331,0.511411381547954,0.690130596702512,-0.958862940264813,0.229677308612557,0.0912439604670733,-0.362814446074264,0.0473312915145372,0.0498930096784263,"Core"
NA,NA,"TWI","TWI_03","Core",0.925102961154426,0.715050886811904,0.388425568923713,0.528086601321434,0.669579328240889,-0.913588919108058,0.232648199448376,0.13161215440168,-0.359510187230291,0.026376314744481,0.0373330904000223,"Core"
NA,NA,"TWI","TWI_04","Core",0.922043664505763,0.71398360312969,0.384831581284519,0.526479167539881,0.66676849653084,-0.912990356464646,0.232453978496188,0.122700307461087,-0.355213545607896,0.0276537812004937,0.0388591065407731,"Core"
NA,NA,"TWI","TWI_05","Core",0.95153357670455,0.695464386564219,0.389834856154301,0.525992238674368,0.633291727213287,-0.867597778348172,0.230161028831633,0.123375674601202,-0.352562232429982,0.0387526520045477,0.0445450292968664,"Core"
NA,NA,"TWI","TWI_06","Core",0.940374541942495,0.831002405103489,0.634151123280633,0.597918831685447,0.574910381408805,-0.85375072844021,0.176711442278526,0.0437025952319341,-0.354949453915165,-0.0188005842981708,0.069732984693024,"Core"
NA,NA,"WA","WA_412","Edge",-5.04768492923467,-0.602469300180597,-0.737435250299386,-0.0471828881823294,0.75026724077041,0.544664232361731,0.647875873142959,-0.182321354122979,0.142124720017817,0.0830735796600845,0.0818800416457933,"Edge"
NA,NA,"WA","WA_414","Edge",-5.08553957544808,-0.643586615299017,-0.727846694166157,-0.0723584898106773,0.810446330583977,0.493432208078314,0.625147876911466,-0.175693633559324,0.114093708615526,0.0646749068365969,0.104176351451827,"Edge"
NA,NA,"WA","WA_416","Edge",-5.15690805957434,-0.717238667516969,-0.730816548066368,-0.0948033941510422,0.887984529196331,0.462672171423763,0.587054223850766,-0.20194114076017,0.100686929795573,0.041978012901682,0.121961795626072,"Edge"
NA,NA,"WA","WA_418","Edge",-5.15206218960876,-0.64942822113742,-0.751966389669602,-0.0942432442392766,0.871678977907288,0.394050913534517,0.598290596434942,-0.224262991703196,0.0908423414089514,0.0651452690153625,0.12858360169595,"Edge"
NA,NA,"WA","WA_419","Edge",-5.09469543797379,-0.639287294037019,-0.749431523660804,-0.0670586253699526,0.7954680939741,0.497234238238058,0.610566548735257,-0.209505601219182,0.121609431582284,0.0826737906392078,0.105245269805251,"Edge"
NA,NA,"WCA","WCA_01","Core",-0.376595826227693,-2.65534262226701,-0.36022313897861,0.779624303946526,0.620913997617342,0.513935042452125,-0.478010227130104,0.270294688399289,0.151122964090236,0.206076690418035,-0.0222211118465625,"Core"
NA,NA,"WCA","WCA_02","Core",-0.433677261313692,-2.68738202294165,-0.367026252755369,0.777197147389016,0.634536801442062,0.531215958575608,-0.49532983923988,0.277285886016275,0.161858759756614,0.177336637733107,-0.0459556788198758,"Core"
NA,NA,"WCA","WCA_03","Core",-0.433677261313692,-2.68738202294165,-0.367026252755369,0.777197147389016,0.634536801442062,0.531215958575608,-0.49532983923988,0.277285886016275,0.161858759756614,0.177336637733107,-0.0459556788198758,"Core"
NA,NA,"WCA","WCA_04","Core",-0.489413529234441,-2.72061712418119,-0.375011556184586,0.747930373495228,0.663866608508746,0.473801098015699,-0.5113511864333,0.25785870495177,0.138642257228566,0.161410567931748,-0.0285898350816125,"Core"
NA,NA,"WCA","WCA_05","Core",-0.487631726515937,-2.7207584123754,-0.374156202621054,0.747804193924732,0.664746134219517,0.473323169177326,-0.51098937503729,0.258448231296296,0.140250483042935,0.161473223110065,-0.026895970757873,"Core"
NA,NA,"WCA","WCA_07","Core",-0.61975624002249,-2.73881892453233,-0.726938667285077,0.766591295712545,1.07227899347581,0.233612320373011,-0.58809552898449,0.285772358762715,0.0861481295253814,0.130109508086286,-0.0271599249260309,"Core"
NA,NA,"WHI","WHI_01","Core",2.17141420658816,-0.810405240866518,-0.45711723478361,0.496695128690171,0.701767524544278,-0.436429057573694,-0.0458883555324235,0.32758017738673,0.359574265862263,-0.0397763859402818,0.0411658854206986,"Core"
NA,NA,"WHI","WHI_03","Core",2.12571572499953,-0.850049515165028,-0.467764880380542,0.507783117111661,0.717030763333307,-0.418900774661024,-0.0549764383989676,0.307968277866845,0.369865295652954,-0.0548753266527243,0.0275958024714302,"Core"
NA,NA,"WHI","WHI_04","Core",2.12581321089819,-0.858813938987684,-0.460825142998494,0.513752605636624,0.736878904989951,-0.412054057621589,-0.0670706890118843,0.326727165480559,0.36868930913535,-0.058643039461375,0.0252434660039388,"Core"
NA,NA,"WHI","WHI_05","Core",2.02654030714191,-0.958490535646343,-0.42130176927968,0.509822903417531,0.777488906015664,-0.401063880292735,-0.0853459811778996,0.356819985186247,0.36453630474055,0.0163817592876609,0.0310030645051181,"Core"
NA,NA,"WHI","WHI_07","Core",3.34456821806578,0.321176704397041,0.0404066626011109,0.517554725766085,0.630412909337693,-0.271983449687538,0.298091944452336,0.639374871329262,0.407634579315886,-0.246694262637742,0.066951165368584,"Core"
NA,NA,"WHI","WHI_12","Core",1.21655942273336,-2.39445171900468,-0.730919371010597,0.473790060988704,0.780013188118212,-0.134727090490364,-0.432629820788078,0.218988140974972,0.390184212177436,0.0834036578475323,-0.0213096964533625,"Core"
NA,NA,"XBM","XBM_02","Margin",-2.3239965913312,-3.17135701452705,-0.0266092895324262,0.0805547369231646,0.411370974786992,0.456064174387041,-0.649225431703748,-0.0965410863221879,-0.0488766953605646,-0.158964339916029,0.0708940498438105,"Margin"
NA,NA,"XBM","XBM_03","Margin",-2.30902863007121,-3.14719189727517,-0.0285540529000879,0.114927664347789,0.443430417825645,0.489678290719049,-0.645941777035274,-0.107634669787468,-0.0232565227749079,-0.149057003318708,0.0498985769763818,"Margin"
NA,NA,"XBM","XBM_04","Margin",-2.32589538818998,-3.19353571528615,-0.0269186353379239,0.0967288933503549,0.443074832954448,0.472835793604956,-0.672659960813263,-0.0999208712429401,-0.0436616108229424,-0.152105928337859,0.0738308774740259,"Margin"
NA,NA,"XBM","XBM_05","Margin",-2.32733002836254,-3.18203744961236,-0.0256782637208178,0.0818145431704824,0.427325903217104,0.46531915397355,-0.660041258700989,-0.0983198832200756,-0.0450285959469616,-0.158992202651104,0.0717558580512516,"Margin"
NA,NA,"XBM","XBM_06","Margin",-2.32875578183577,-3.17529266052457,-0.0243984050210808,0.0750478811223915,0.411742429522113,0.456239409200985,-0.643007197935286,-0.0979605844938657,-0.0474493573970392,-0.165620751864009,0.0700358586376261,"Margin"
NA,NA,"XBM","XBM_07","Margin",-2.37526028200929,-3.02124657602759,0.196902965991348,0.163561855591097,0.374375731404416,0.424310409098196,-0.705152771865176,-0.201821368257493,-0.0431794105126899,-0.218191767760135,0.0926391079253555,"Margin"
NA,NA,"XCS","XCS_01","Edge",-2.33300796629381,-1.31648402707974,0.069219475235086,-0.486582176667223,-1.1298969784795,0.0778705608790828,0.358436824698532,-0.125409964312608,-0.0467888029031432,-0.0167418536946848,-0.02507571160522,"Edge"
NA,NA,"XCS","XCS_03","Edge",-2.33656791301195,-1.32143803501265,0.0667611906345639,-0.478855095251984,-1.13197329698874,0.0771827578130859,0.362285119636076,-0.130748491920604,-0.0484584102967988,-0.0160983515298864,-0.0264765149570087,"Edge"
NA,NA,"XCV","XCV_01","Edge",-0.607768933637914,0.382370941452025,-1.94321857786831,-0.202724629048825,-0.702020944227052,0.394064843039533,0.201457607426233,0.220650472790458,-0.165091264647631,-0.0882555556078793,-0.00267578468007721,"Edge"
NA,NA,"XCV","XCV_02","Edge",-0.596252611551572,0.377627958120505,-1.93289048428568,-0.232587813675509,-0.701835681631381,0.387368113453498,0.196492959331936,0.205873710041753,-0.156552264763271,-0.0891642637369011,-0.0228476709353305,"Edge"
NA,NA,"XCV","XCV_03","Edge",-0.559805673719277,0.418320899897783,-1.91550595695614,-0.288870972286197,-0.698453299742639,0.388588501401215,0.192517024258842,0.219900052669235,-0.164695515476036,-0.0861403413005048,-0.0129204157471052,"Edge"
NA,NA,"XCV","XCV_04","Edge",-0.52794522552879,0.444474090633814,-1.90257691935596,-0.300961320517169,-0.699534557935777,0.380286101735664,0.194360809011509,0.244656489492547,-0.174834722401734,-0.0801823953630121,-0.00614319066408395,"Edge"
NA,NA,"XCV","XCV_05","Edge",-0.573284031010656,0.383455014472736,-1.90271366579306,-0.374907221069833,-0.716271550549745,0.3611784840811,0.170777468775309,0.208833376164413,-0.170731789223851,-0.103165460369634,-0.0112376071971972,"Edge"
NA,NA,"XDS","XDS_01","Edge",-1.29444622245677,-0.268415439123816,-1.303883210958,0.645510768894304,0.214459693886109,0.116495658979439,-0.0485693553774868,0.118656664067269,-0.127572719889951,-0.0737546570261265,0.0322457463419759,"Edge"
NA,NA,"XDS","XDS_02","Edge",-1.31340804311742,-0.311704943558976,-1.29618574238581,0.6667786454774,0.262844277626014,0.139039051476793,-0.069954726134683,0.131650348103467,-0.123200374156595,-0.0851878135506205,0.0262384164392101,"Edge"
NA,NA,"XDS","XDS_03","Edge",-1.28903974027226,-0.235247203808056,-1.29922075006761,0.694966528732586,0.30824442256668,0.11157558933516,-0.0504566618443343,0.119790596395833,-0.112464927398391,-0.0679624374691154,0.0116826044580651,"Edge"
NA,NA,"XDS","XDS_04","Edge",-1.17086701000825,-0.0981780247525115,-1.34731816485822,0.735658429890843,0.310327515858083,0.0531058095777138,-0.0554878863327249,0.0937966215163414,-0.122234527126377,-0.110228202496285,0.0164279373129091,"Edge"
NA,NA,"XDS","XDS_05","Edge",-0.911260400448648,0.158209690742011,-1.63924749456697,0.56902537101602,0.154631161699945,-0.037543638039234,0.106019753716645,0.168123975665216,-0.146588190729106,-0.0689957104890911,0.0138277939863742,"Edge"
NA,NA,"XDS","XDS_06","Edge",-1.07372151387984,-0.124131294592946,-1.31346292730639,0.738220315605289,0.129192375413023,0.112740063866615,-0.005489615812585,0.168307815066746,-0.102599886805019,-0.111568806699208,0.00228280365054795,"Edge"
NA,NA,"XFS","XFS_01","Edge",-2.43707436276001,-1.68806253694599,0.792626859167122,0.704573165363672,-0.273783010993442,0.447061271513185,-0.263724977095417,-0.364612309574297,0.0335071140254579,-0.154391560070519,0.00865749353257295,"Edge"
NA,NA,"XFS","XFS_02","Edge",-2.44514536352633,-1.65965289447578,0.791050008249557,0.714209806385761,-0.248871010901697,0.39100473981194,-0.247544508508024,-0.364801691878276,0.0233685862111812,-0.156132451017106,0.0104509077860739,"Edge"
NA,NA,"XFS","XFS_03","Edge",-2.38362773812839,-1.75613826481075,0.558197485507882,0.629745431163853,-0.217835959854649,0.444030285120199,-0.174172867990035,-0.283510640500996,0.0490418168059268,-0.0916970547947815,-0.0329009779991046,"Edge"
NA,NA,"XGL","XGL_02","Edge",-2.31453281284047,-1.82939463107601,-0.740121073559699,0.187279348767789,-0.0619035390112987,0.464006981362423,-0.10999575520789,-0.209574897363336,0.00899614157099499,-0.0445957069820651,-0.011298864980969,"Edge"
NA,NA,"XGL","XGL_03","Edge",-2.2831938004552,-1.49691000186962,-0.0039889126620658,0.148582646977062,-0.491594876442652,0.254028144979764,0.157402637770782,-0.209198228889109,0.000291197702832258,0.0427284209190043,-0.0301456957115196,"Edge"
NA,NA,"XGL","XGL_04","Edge",-2.28239930671156,-1.49200285633182,-0.00329003156934587,0.140680772982524,-0.491147917668733,0.255412606358852,0.153079552685881,-0.206379786689898,0.000898831423881696,0.0422690978863762,-0.0304728613145973,"Edge"
NA,NA,"XGL","XGL_05","Edge",-2.29986777382544,-1.53578435885788,0.00370677241270234,0.159417037822549,-0.442424046186662,0.279350992358201,0.133381031790536,-0.201351641566864,0.00496293909903334,0.0328303324108076,-0.0347274010326513,"Edge"
NA,NA,"XPK","XPK_01","Edge",-1.35057861464101,0.464157658872222,0.28599459712639,1.7484078898405,-0.0829460840932006,0.286638960202729,0.120370735256449,-0.438426190617309,0.105881010215877,-0.0966062003121924,-0.0389398373236284,"Edge"
NA,NA,"XPK","XPK_02","Edge",-1.33114310747613,0.677464741462063,0.533536378003847,1.82809860833386,-0.102156157030205,0.170181374532098,0.0840373659696289,-0.526012029753838,0.0885719122853864,-0.130202956583299,-0.0174590073751178,"Edge"
NA,NA,"XPK","XPK_03","Edge",-1.37679237690775,0.486856821133937,0.3167626269884,1.72366484743211,0.053018483260984,0.119473858037223,0.0880546852285527,-0.380003003547046,0.0615201326482462,-0.118636679445423,-0.0378143270543984,"Edge"
NA,NA,"XPK","XPK_04","Edge",-1.28697912689878,0.60584788215859,0.300015919044136,1.75003986218636,-0.0480080383732883,0.166686136023645,0.17761567236902,-0.441403814270325,0.104927184291887,-0.0759086654231118,-0.0633656049623478,"Edge"
NA,NA,"XSK","XSK_01","Edge",-1.00033637892757,0.774649406751387,-1.34423141198472,-0.370920430528629,-0.779252699213505,0.0101231262869728,0.103388411960213,0.259729942647872,-0.106400737987467,-0.0783725419310938,0.0224240696497742,"Edge"
NA,NA,"XSK","XSK_02","Edge",-1.12208778120963,0.59440162004885,-1.68930884440385,-0.451746704048634,-0.840953217466267,-0.00574105322567696,0.214311246488162,0.106953179545776,-0.0484722120781651,-0.0184603097910943,-0.0133044173502013,"Edge"
NA,NA,"XSK","XSK_05","Edge",-1.20464928675016,0.0188821539624578,-2.16610438249144,-0.672360187266354,-0.919890132784507,-0.0160481476106704,0.314617747990557,0.276691568339339,-0.0963340619993703,0.0214066834749456,-0.025723064528163,"Edge"
NA,NA,"XWS","XWS_03","Edge",-2.47989219012326,-1.78538104213159,0.274545487625195,0.45693755240069,-0.199017120259627,0.30501096322838,-0.0996500297672831,-0.184837615457382,0.0184933965487232,-0.0811265613793301,-0.0121319623723712,"Edge"
NA,NA,"XWS","XWS_05","Edge",-2.49955372592637,-1.79138953428518,0.265133146022689,0.449859495326371,-0.209206592705113,0.306772896157321,-0.0966587574355892,-0.204608703604987,0.0276754103857243,-0.0864125513106223,-0.0152078536381835,"Edge"
NA,NA,"XWS","XWS_06","Edge",-2.49664063090528,-1.78127160908942,0.263033534059081,0.447799708806395,-0.225960684607457,0.297529667836559,-0.0857340499598294,-0.206562414989198,0.0266584575016729,-0.0857694336572281,-0.014452149185705,"Edge"
NA,NA,"YRB","YRB_01","Margin",-1.84895733106697,-1.64447982036644,0.374940551734811,-0.903322382502031,-0.824087756127818,-0.39084680394245,0.0965729453884142,0.0197120728082507,-0.192116405288731,-0.205924758285997,0.0152411430791188,"Margin"
NA,NA,"YRB","YRB_02","Margin",-1.84913465273952,-1.64926891450521,0.374808899057962,-0.895231669431918,-0.824064246241675,-0.392368502842801,0.100966916776179,0.0181049220500779,-0.193066774208208,-0.205620306602909,0.0155897069644603,"Margin"
NA,NA,"YRB","YRB_03","Margin",-1.85356639517821,-1.64790464275951,0.378071673544554,-0.908111937188351,-0.82312312258046,-0.390623233875096,0.102651262623816,0.021494744817929,-0.193370154564289,-0.213128618037846,0.012756070431902,"Margin"
NA,NA,"YRB","YRB_04","Margin",-1.85401112339126,-1.64750760171553,0.378445193886934,-0.907576646568588,-0.822983399883139,-0.390442623725406,0.102443023096631,0.0235294248824912,-0.195720900199952,-0.213526794771321,0.0111085644886128,"Margin"
NA,NA,"YRB","YRB_05","Margin",-1.84868019074075,-1.63918952538375,0.375946205043155,-0.910711187356197,-0.823556436660451,-0.389265583103785,0.0920332792902593,0.0244226573704865,-0.193819186127135,-0.206764033696301,0.0132639535078841,"Margin"
