"","Family","Pop","Tree","State","Region","Date","lat","lon","Elevation","DBH","bio1_13","bio2_13","bio3_13","bio4_13","bio5_13","bio6_13","bio7_13","bio8_13","bio9_13","bio10_13","bio11_13","bio12_13","bio13_13","bio14_13","bio15_13","bio16_13","bio17_13","bio18_13","bio19_13","BudSet2019_Plasticity","BudSet2020_Plasticity","BudBreak2020_Plasticity","growth2019_Plasticity","growth2020_Plasticity"
"1","AB_05","AB",5,"TN","E",9002016,35.55297,-83.49438,1812,57.7,70,104,34,7058,214,-85,299,68,122,158,-24,2006,197,143,7,537,463,509,492,26.8189259912226,28.0424762195997,25.7374513561656,0.935158369709058,1.98113366162629
"2","AB_08","AB",8,"TN","E",9002016,35.55212,-83.49259,1785,44.3,70,104,34,7058,214,-85,299,68,122,158,-24,2006,197,143,7,537,463,509,492,12.1193030125162,33.5649085938664,30.0641105015688,1.1836292509184,5.60815035340219
"3","AB_12","AB",12,"TN","E",9002016,35.5389,-83.49463,1750,36.8,79,110,36,7021,226,-78,304,77,131,166,-15,1923,191,134,8,516,439,487,478,9.43983571709299,32.3493324841153,26.2036824551972,0.462162076532104,7.84432773304339
"4","AB_16","AB",16,"TN","E",9002016,35.53882,-83.49534,1738,44,79,110,36,7021,226,-78,304,77,131,166,-15,1923,191,134,8,516,439,487,478,20.8525520328767,25.6304561292445,27.4327195321741,2.54350480722668,5.36510821158257
"5","AB_18","AB",18,"TN","E",9002016,35.53945,-83.49375,1769,68.2,79,110,36,7021,226,-78,304,77,131,166,-15,1923,191,134,8,516,439,487,478,11.8788645158159,28.5036393728313,29.9168629667394,1.73776157528638,1.99381051319194
"6","ALB_01","ALB",1,"ME","C",11112017,44.3067,-70.84019,455,28.1,46,120,29,9718,243,-160,403,0,-72,167,-85,1237,129,85,11,347,270,319,284,14.9795491435663,27.2028827431954,25.8503884990469,9.16490033725387,10.6851872815317
"7","ALB_02","ALB",2,"ME","C",11112017,44.30564,-70.84081,524,11.3,46,120,29,9718,243,-160,403,0,-72,167,-85,1237,129,85,11,347,270,319,284,30.4968770021419,36.3497013760975,34.5687180846887,1.48437405020241,4.47441101462263
"8","ALB_03","ALB",3,"ME","C",11112017,44.30359,-70.84096,523,19.9,46,120,29,9718,243,-160,403,0,-72,167,-85,1237,129,85,11,347,270,319,284,32.712243018222,26.5652090183271,30.1905076918046,1.17494136522179,2.99176736898738
"9","ALB_05","ALB",5,"ME","C",11112017,44.30182,-70.83729,573,11.9,46,120,29,9718,243,-160,403,0,-72,167,-85,1237,129,85,11,347,270,319,284,22.0507123417057,35.8686222398821,27.5952038946,1.87375403155661,4.12241824559526
"10","ALB_06","ALB",6,"ME","C",11112017,44.30061,-70.83641,589,12.3,46,120,29,9718,243,-160,403,0,-72,167,-85,1237,129,85,11,347,270,319,284,23.4568957511533,30.7948479673359,28.5508454866573,1.22067039270646,3.56739298015901
"11","APP_01","APP",1,"VT","C",9022017,44.20933,-72.9295,743,6.3,36,106,27,9704,226,-161,387,156,-83,156,-94,1288,138,74,16,379,247,379,261,10.9964463828937,28.6262611152325,27.8556864917733,0.918489003275472,4.9459966117533
"12","APP_02","APP",2,"VT","C",9022017,44.21172,-72.92999,780,4.4,36,106,27,9704,226,-161,387,156,-83,156,-94,1288,138,74,16,379,247,379,261,25.8038223280253,24.8509866623929,31.3270097764483,0.722790582952356,6.92507838613449
"13","APP_03","APP",3,"VT","C",9022017,44.22097,-72.92639,896,9,33,105,27,9667,222,-162,384,153,-85,153,-96,1322,141,76,16,387,255,387,270,31.8492749209476,26.7318742088322,26.5899615718226,0.474725304792569,7.99445553972029
"14","APP_04","APP",4,"VT","C",9292017,44.2114,-72.93122,741,9.3,36,106,27,9704,226,-161,387,156,-83,156,-94,1288,138,74,16,379,247,379,261,23.4492625899001,30.5531990124096,26.6044220930489,1.14946611958182,3.654801051372
"15","APP_05","APP",5,"VT","C",9272017,44.21034,-72.93051,733,26.3,36,106,27,9704,226,-161,387,156,-83,156,-94,1288,138,74,16,379,247,379,261,14.2644960652468,36.7985076874026,26.4463471249543,0.990917114231953,3.95673600333975
"16","APP_06","APP",6,"VT","C",9272017,44.21235,-72.93502,658,25,42,109,27,9758,235,-157,392,163,-77,163,-89,1204,131,68,17,358,227,358,240,16.5342974970951,26.3984771628036,33.904709936052,1.52333594448777,6.40021512977157
"17","ASC_01","ASC",1,"VT","C",10162017,43.43787,-72.45218,883,20,41,112,29,9418,231,-152,383,158,-74,158,-85,1331,127,91,10,357,287,357,299,16.4992746301821,32.2199116430659,28.6690672326851,3.32924406665379,7.09664958875535
"18","ASC_02","ASC",2,"VT","C",10162017,43.43983,-72.45328,847,14.2,41,112,29,9418,231,-152,383,158,-74,158,-85,1331,127,91,10,357,287,357,299,19.0504006679281,27.2691767287872,30.0500636369393,0.587079390129199,9.49671579111598
"19","ASC_03","ASC",3,"VT","C",10162017,43.44192,-72.45589,861,26,35,107,28,9314,221,-154,375,152,-78,152,-88,1408,134,97,9,376,306,376,318,15.6106179163179,30.2600855506077,30.7877370756704,2.30032914284499,3.65199489381481
"20","ASC_04","ASC",4,"VT","C",10162017,43.4426,-72.45713,870,19.5,35,107,28,9314,221,-154,375,152,-78,152,-88,1408,134,97,9,376,306,376,318,25.2337130045004,26.4419775766548,30.364323211239,2.84984723233777,5.02869362434383
"21","ASC_05","ASC",5,"VT","C",10162017,43.44376,-72.45867,879,18.3,45,114,29,9452,237,-150,387,162,-70,162,-82,1277,122,87,10,343,274,343,286,31.474249092536,31.1116404314197,26.6969620982921,1.96653070258714,7.04998225146107
"22","ASC_06","ASC",6,"VT","C",10162017,43.44379,-72.45434,967,21.7,35,107,28,9314,221,-154,375,152,-78,152,-88,1408,134,97,9,376,306,376,318,6.13239472384828,33.8699121385075,34.1147314966254,0.482512924955834,2.49794224775929
"23","B_02","B",2,"VT","C",2192016,44.10929,-73.0714,311,NA,47,112,28,9754,243,-153,396,168,-72,168,-84,1153,127,65,17,344,215,344,227,1.9435661658726,28.6308057627307,25.4271016994244,4.5360657721163,0.857988658525256
"24","B_03","B",3,"VT","C",2192016,44.10897,-73.0712,325,NA,47,112,28,9754,243,-153,396,168,-72,168,-84,1153,127,65,17,344,215,344,227,26.8600061491935,30.046951124423,26.7457580902964,3.73956847923465,6.53861483426511
"25","B_04","B",4,"VT","C",2192016,44.10908,-73.0713,328,NA,47,112,28,9754,243,-153,396,168,-72,168,-84,1153,127,65,17,344,215,344,227,6.4366145420631,32.7507467112671,27.9677433219895,1.72146277260287,6.65034478282315
"26","B_05","B",5,"VT","C",2192016,44.10836,-73.0715,310,NA,47,112,28,9754,243,-153,396,168,-72,168,-84,1153,127,65,17,344,215,344,227,5.88624061794954,30.1298776898755,30.4662646959208,2.37727393148029,8.36232552131329
"27","B_06","B",6,"VT","C",2192016,44.10889,-73.0714,321,NA,47,112,28,9754,243,-153,396,168,-72,168,-84,1153,127,65,17,344,215,344,227,14.3862210525263,28.5685200494628,29.5555468827955,1.19959208017161,5.739739936667
"28","BAL_01","BAL",1,"NY","C",8302017,44.1528,-73.64591,570,4.8,49,119,29,9737,247,-154,401,159,-70,169,-82,1030,116,60,18,309,194,308,202,10.2908943924599,27.6249057049714,28.3971950374237,1.32237001177213,1.50025180624777
"29","BAL_02","BAL",2,"NY","C",8302017,44.1517,-73.65127,620,33,45,117,29,9707,242,-157,399,155,-74,166,-85,1070,120,62,18,321,202,320,210,11.3825734110401,26.195759725462,27.4136722345845,0.845128010772157,6.94697691099483
"30","BAL_03","BAL",3,"NY","C",8302017,44.15337,-73.65371,650,13.5,45,117,29,9707,242,-157,399,155,-74,166,-85,1070,120,62,18,321,202,320,210,28.8940434238323,28.6669722744306,29.856134588731,2.08768975898043,4.73462412101433
"31","BAL_04","BAL",4,"NY","C",8302017,44.15409,-73.65688,670,26.7,45,117,29,9707,242,-157,399,155,-74,166,-85,1070,120,62,18,321,202,320,210,18.1851397209605,29.1930174106367,27.8946345833879,2.2509812902826,1.29110004576802
"32","BAL_05","BAL",5,"NY","C",8302017,44.15415,-73.65799,698,22,45,117,29,9707,242,-157,399,155,-74,166,-85,1070,120,62,18,321,202,320,210,15.5068182032753,29.7205752518442,33.0671431085306,0.709782559612529,2.59794798267811
"33","BAL_10","BAL",10,"NY","C",8302017,44.16008,-73.66681,918,6.7,37,113,28,9640,229,-161,390,156,-81,156,-92,1161,127,68,17,343,223,343,232,27.5283130321696,28.9339903104331,29.8367406291769,0.933451877533448,4.44966089314903
"34","BBE_01","BBE",1,"NH","C",10132017,43.83596,-71.55484,365,30.5,51,125,30,9600,252,-154,406,4,-65,170,-79,1203,119,83,10,329,257,320,274,34.0317051130208,27.8749578260181,29.666322835462,4.4033609259887,3.98962309979393
"35","BBE_02","BBE",2,"NH","C",10132017,43.83457,-71.54906,368,24.1,51,126,31,9604,252,-154,406,4,-65,171,-78,1203,120,83,11,330,257,320,274,24.8098357303543,33.7087198059835,25.6400521246838,0.803303143571462,5.7955178874106
"36","BBE_03","BBE",3,"NH","C",10142017,43.83484,-71.53966,373,25.4,52,126,31,9556,253,-153,406,5,-63,171,-77,1197,119,83,10,328,256,317,274,24.6215416017462,28.799486905201,29.0575982402457,3.47435345819676,3.21910803292503
"37","BBE_04","BBE",4,"NH","C",10142017,43.83367,-71.53963,383,23.5,52,126,31,9556,253,-153,406,5,-63,171,-77,1197,119,83,10,328,256,317,274,17.3304796848641,26.4957424196234,25.0612843937434,1.05606872270993,3.21119162465147
"38","BBE_05","BBE",5,"NH","C",10142017,43.83176,-71.54305,374,29,53,127,31,9618,255,-154,409,6,-63,173,-77,1181,117,82,10,323,253,314,270,30.5373441740833,25.4573075756078,29.2791973398748,4.39360971344152,7.60532555387221
"39","BER_01","BER",1,"ME","C",11262017,44.69079,-70.37595,481,7.6,47,121,29,9889,248,-162,410,2,-73,170,-86,1118,115,71,11,310,237,297,248,29.9124655511921,27.5652076415593,29.0185219186776,2.42311218346206,4.05636364684752
"40","BER_02","BER",2,"ME","C",11262017,44.69043,-70.37637,487,11.1,47,121,29,9889,248,-162,410,2,-73,170,-86,1118,115,71,11,310,237,297,248,38.1204999326162,26.5085426777146,31.8778399076122,3.16227480253243,4.51673584990129
"41","BER_03","BER",3,"ME","C",11262017,44.68987,-70.37686,482,9,47,121,29,9889,248,-162,410,2,-73,170,-86,1118,115,71,11,310,237,297,248,30.6286341109904,29.8348451979465,28.2152016256253,1.86596762678883,4.59999248294346
"42","BER_04","BER",4,"ME","C",11262017,44.68953,-70.37609,487,4.5,47,121,29,9889,248,-162,410,2,-73,170,-86,1118,115,71,11,310,237,297,248,31.933777120084,34.6937263652756,28.9144824056229,2.45902226762415,3.18416346401564
"43","BER_05","BER",5,"ME","C",11262017,44.68899,-70.37624,492,8,47,121,29,9889,248,-162,410,2,-73,170,-86,1118,115,71,11,310,237,297,248,26.0191325182766,30.1399198325854,32.9489213625029,2.18883420552393,3.50537776649565
"44","BER_06","BER",6,"ME","C",11262017,44.68834,-70.37627,496,14.3,47,121,29,9889,248,-162,410,2,-73,170,-86,1118,115,71,11,310,237,297,248,9.79542433838711,29.9989969520613,27.7377874861949,1.47696006052996,1.43981227675418
"45","BFA_01","BFA",1,"WV","E",9282017,38.4766,-79.7229,1348,21.8,69,110,33,7883,229,-102,331,150,-38,166,-38,1411,135,103,8,386,319,374,319,29.3944817162735,26.5187064343144,29.4093547223124,1.84804974332464,4.2535555991845
"46","BFA_02","BFA",2,"WV","E",9282017,38.47666,-79.71849,1325,14.6,69,110,33,7883,229,-102,331,150,-38,166,-38,1411,135,103,8,386,319,374,319,23.789144559833,28.337594745014,26.5835902480331,1.09186403628888,5.45475939967881
"47","BFA_03","BFA",3,"WV","E",9282017,38.47696,-79.71696,1336,37.2,69,110,33,7883,229,-102,331,150,-38,166,-38,1411,135,103,8,386,319,374,319,26.0935154699054,32.6432329656,26.9567034252127,3.36921641400828,6.71896781741922
"48","BFA_04","BFA",4,"WV","E",9282017,38.47797,-79.7165,1333,21.6,73,112,33,7870,234,-99,333,152,-34,169,-34,1371,132,99,8,376,309,366,309,43.850713495586,21.346717490888,28.5060951979378,2.78623354698899,1.98862190160158
"49","BFA_05","BFA",5,"WV","E",9282017,38.47892,-79.71738,1328,65.6,69,110,33,7883,229,-102,331,150,-38,166,-38,1411,135,103,8,386,319,374,319,24.7027210022958,31.1622522479181,27.0728845582988,1.49984117647382,3.04547770746157
"50","BLA_01","BLA",1,"PA","M",9132017,41.11477,-75.59536,475,48.1,74,114,31,8854,258,-106,364,164,-33,184,-44,1172,117,74,13,339,239,328,242,16.4263190911738,29.8650022384647,31.5847104904273,1.99962846566464,1.98069359840461
"51","BLA_02","BLA",2,"PA","M",9132017,41.11296,-75.59274,499,25.3,74,114,31,8854,258,-106,364,164,-33,184,-44,1172,117,74,13,339,239,328,242,23.3052167259558,26.5375110261481,30.5207147761778,3.06599441573,0.896772254150683
"52","BLA_03","BLA",3,"PA","M",9132017,41.11094,-75.58869,513,34.7,74,114,31,8802,258,-106,364,163,-32,183,-44,1176,117,75,13,339,241,328,244,28.6753793211676,23.9137136595893,28.4893096657591,1.22348547437716,4.14681295386412
"53","BLA_04","BLA",4,"PA","M",9132017,41.11113,-75.58817,513,58.7,74,114,31,8802,258,-106,364,163,-32,183,-44,1176,117,75,13,339,241,328,244,20.3504616328005,26.6694823969881,33.2066220764819,3.83128707017332,4.89197851244862
"54","BLA_05","BLA",5,"PA","M",9132017,41.11547,-75.59589,510,30.6,74,114,31,8854,258,-106,364,164,-33,184,-44,1172,117,74,13,339,239,328,242,53.0246189551964,26.8433738085264,34.4052300896411,7.08460739663782,5.19659638856161
"55","BRA_01","BRA",1,"PA","M",9132017,41.15817,-75.53619,520,37.6,72,114,31,8839,256,-108,364,161,-35,182,-46,1180,118,76,13,339,244,326,246,21.7745929860583,32.0756802561428,30.6695153296427,0.0592955489967508,6.30431568343777
"56","BRA_02","BRA",2,"PA","M",9132017,41.15854,-75.53651,531,18.5,73,114,31,8863,257,-109,366,163,-35,183,-46,1173,117,76,13,337,242,324,245,12.66764681514,27.9600645211881,30.6766010702839,3.54344845928552,4.34128234942343
"57","BRA_03","BRA",3,"PA","M",9132017,41.16102,-75.53809,528,24.3,73,114,31,8863,257,-109,366,163,-35,183,-46,1173,117,76,13,337,242,324,245,24.974104107417,29.9225684389937,30.8020058648975,1.22217817524205,3.39664588945586
"58","BRA_04","BRA",4,"PA","M",9132017,41.16406,-75.54375,531,15.1,72,114,31,8862,257,-109,366,163,-35,183,-46,1173,117,75,13,338,241,325,244,24.9393918586505,25.3939449081496,26.4428025768477,2.56428457150063,6.47117705325068
"59","BRA_05","BRA",5,"PA","M",9132017,41.15577,-75.52876,539,NA,71,113,31,8816,254,-109,363,160,-36,181,-47,1189,119,77,12,340,247,326,249,28.1994109121304,35.6961702137429,30.872632986047,4.92876896394964,3.3237820397821
"60","BRB_01","BRB",1,"WV","E",10022017,39.11781,-79.58277,988,59.5,75,118,34,8001,244,-97,341,157,88,174,-33,1383,134,97,10,392,311,382,316,30.8437972994085,26.6201930523572,26.8129479994474,2.15493990064597,1.71417562217572
"61","BRB_02","BRB",2,"WV","E",10022017,39.11853,-79.58482,985,43.6,75,119,34,7984,245,-97,342,157,88,174,-33,1382,134,97,11,392,310,382,316,24.4232901420997,26.7258119140983,27.3000064648407,1.9964952181658,7.35981148560204
"62","BRB_03","BRB",3,"WV","E",10022017,39.11863,-79.58606,983,22,75,119,34,7984,245,-97,342,157,88,174,-33,1382,134,97,11,392,310,382,316,9.41187024213508,29.7168291315038,29.3645577756118,2.65660144707975,3.11271384448092
"63","BRB_04","BRB",4,"WV","E",10022017,39.11602,-79.58139,986,7,76,120,35,7996,246,-96,342,157,89,175,-32,1370,134,96,11,390,306,380,313,28.7586658050544,32.9649253424847,29.2579401179512,3.48454721968419,3.46647175888078
"64","BRU_02","BRU",2,"PA","M",9112017,41.35133,-75.17426,539,18.2,69,117,31,8923,253,-117,370,159,-39,180,-51,1147,115,75,12,326,241,314,243,6.74457551095355,30.0694508728033,30.1860098731023,5.11583158788272,5.23226082427568
"65","BRU_03","BRU",3,"PA","M",9112017,41.34784,-75.20009,551,44.5,69,116,31,8905,252,-117,369,159,-39,179,-51,1147,115,76,12,326,242,313,244,39.4845545938797,30.8514917402697,30.8373372601587,3.13552013597858,9.5435393713463
"66","BRU_04","BRU",4,"PA","M",9112017,41.3456,-75.20216,559,14,69,116,31,8905,252,-117,369,159,-39,179,-51,1147,115,76,12,326,242,313,244,25.0946233311682,31.0567914641121,28.7540961203792,3.72274695010834,3.81455159010003
"67","BRU_05","BRU",5,"PA","M",9152017,41.34357,-75.20504,570,38,69,116,31,8905,252,-117,369,159,-39,179,-51,1147,115,76,12,326,242,313,244,35.7813327114149,35.838536456446,32.0930261777441,2.61385769876183,4.83126739498126
"68","BRU_06","BRU",6,"PA","M",9152017,41.34406,-75.20509,570,10,69,116,31,8905,252,-117,369,159,-39,179,-51,1147,115,76,12,326,242,313,244,26.610388676039,35.1698346477396,27.3283494274054,2.76228350349744,4.92078429123697
"69","CAM_01","CAM",1,"VT","C",10112017,44.30394,-72.91039,538,31.5,46,110,27,9867,243,-154,397,169,-74,169,-86,1130,125,62,18,343,207,343,219,35.9962506513065,30.2649505387737,28.7363840707786,3.58542016215132,3.789799119398
"70","CAM_02","CAM",2,"VT","C",10112017,44.31687,-72.90208,808,64.6,32,103,26,9731,221,-163,384,153,-86,153,-97,1324,142,75,16,392,252,392,268,17.6348956156903,29.2731245907403,32.7501424185258,2.25085562610691,1.46399924678467
"71","CAM_03","CAM",3,"VT","C",10112017,44.32212,-72.88999,1102,21.1,17,95,25,9643,199,-173,372,137,-100,137,-111,1572,162,92,15,451,311,451,331,10.7923792788072,33.4051138941609,29.7922102931883,0.518900166045619,3.88581769645638
"72","CAM_04","CAM",4,"VT","C",10112017,44.3215,-72.89375,999,34.2,29,101,26,9719,216,-165,381,149,-90,149,-101,1390,147,80,16,407,269,407,286,17.790664193617,29.5481862888501,26.0868319911024,1.34121328329953,3.32545082042646
"73","CAM_05","CAM",5,"VT","C",10112017,44.32146,-72.89611,927,18.6,29,101,26,9719,216,-165,381,149,-90,149,-101,1390,147,80,16,407,269,407,286,19.7912012137298,27.4584222356476,31.0857163886241,3.00703805466821,6.02255768418477
"74","CAM_06","CAM",6,"VT","C",10112017,44.32074,-72.89718,909,25.6,29,101,26,9719,216,-165,381,149,-90,149,-101,1390,147,80,16,407,269,407,286,38.110388676057,32.9058931196674,27.1852408828413,3.38542141581035,6.76729050072783
"75","CR_03","CR",3,"NC","E",9002016,35.748862,-82.272246,1819,37.3,75,103,35,6898,215,-79,294,145,-17,161,-17,1774,167,125,9,480,392,477,392,26.1619496777866,31.5319009206409,27.9407153794676,3.93106822328457,4.90480560507292
"76","CR_04","CR",4,"NC","E",9002016,35.750184,-82.270068,1811,42.8,67,98,33,6911,206,-84,290,138,-25,153,-25,1850,173,131,9,501,409,497,409,21.1620395881584,31.2262085662595,29.2488180638486,3.0320993784663,2.95253427689354
"77","CR_05","CR",5,"NC","E",9002016,35.75331,-82.270147,1792,31.9,67,98,33,6911,206,-84,290,138,-25,153,-25,1850,173,131,9,501,409,497,409,24.4844928873957,29.5532848831176,26.8652005150588,2.58527311111025,3.04202208339943
"78","CR_06","CR",6,"NC","E",9002016,35.755691,-82.269877,1776,39.3,67,98,33,6911,206,-84,290,138,-25,153,-25,1850,173,131,9,501,409,497,409,26.8273636829738,31.3481130633429,23.5534831594435,3.94013894798228,4.99497907629336
"79","CR_07","CR",7,"NC","E",9002016,35.758106,-82.267885,1763,27.9,67,98,33,6911,206,-84,290,138,-25,153,-25,1850,173,131,9,501,409,497,409,24.2189484863941,27.7351828216413,27.3331993231742,2.13909285872448,4.0555864688272
"80","CRA_01","CRA",1,"WV","E",9272017,38.1888,-80.27092,1072,57.3,82,120,35,7845,245,-92,337,163,-24,178,-24,1365,140,100,10,383,312,374,312,36.7917035732324,22.0129478491129,27.9243080533128,2.33976073842343,2.16621695882736
"81","CRA_02","CRA",2,"WV","E",9272017,38.19923,-80.27311,1026,8.9,85,122,35,7850,249,-90,339,165,-22,181,-22,1346,139,98,10,379,307,371,307,8.2753077347719,29.5025351830814,28.938703583074,1.35189742586973,2.55182950077692
"82","CRA_03","CRA",3,"WV","E",9272017,38.19989,-80.27286,1023,15,85,122,35,7850,249,-90,339,165,-22,181,-22,1346,139,98,10,379,307,371,307,30.5144345135144,31.0971661831007,24.0602767764524,1.29119334705872,1.23932195212937
"83","CRA_04","CRA",4,"WV","E",9272017,38.20064,-80.27233,1023,12.6,84,121,35,7857,248,-91,339,164,95,180,-23,1356,140,99,10,381,310,373,310,21.481120560008,27.8571443441261,28.1144623953668,2.09817272980978,2.74447155365771
"84","CRA_05","CRA",5,"WV","E",9272017,38.20126,-80.27228,1021,8.6,84,121,35,7857,248,-91,339,164,95,180,-23,1356,140,99,10,381,310,373,310,25.2048222462156,30.4685824881479,26.6522118095726,0.92504828973429,4.90089712882691
"85","CRA_06","CRA",6,"WV","E",9272017,38.19853,-80.27083,1026,45.8,85,122,35,7850,249,-90,339,165,-22,181,-22,1346,139,98,10,379,307,371,307,40.478351735086,30.6688865570709,28.6825650092218,2.0151713572374,3.4847302228022
"86","CRR_01","CRR",1,"PA","M",9122017,41.37048,-76.26347,674,18.2,65,107,30,8769,246,-109,355,154,-52,174,-52,1053,113,62,19,324,196,313,196,22.953979363406,29.4921576657065,30.605743663872,2.16582254099554,0.931347217093613
"87","CRR_02","CRR",2,"PA","M",9122017,41.37093,-76.26328,668,21.9,65,107,30,8769,246,-109,355,154,-52,174,-52,1053,113,62,19,324,196,313,196,34.0614709428687,32.7944746337915,29.7500385530862,0.929513371225918,2.74415195543252
"88","DG_04","DG",4,"NC","E",9002016,35.78115,-82.2597,1955,40.1,68,98,33,6918,207,-84,291,139,-24,155,-24,1826,170,129,9,496,403,492,403,16.116828686128,27.43763990587,26.6700687109942,2.75551174237939,2.75122098851237
"89","DG_05","DG",5,"NC","E",9002016,35.78197,-82.25905,1915,44.5,68,98,33,6918,207,-84,291,139,-24,155,-24,1826,170,129,9,496,403,492,403,14.9961266227112,27.0024060375128,26.2091810917173,3.8592231695562,3.30214872033573
"90","DG_06","DG",6,"NC","E",9002016,35.78233,-82.25908,1908,45.6,68,98,33,6918,207,-84,291,139,-24,155,-24,1826,170,129,9,496,403,492,403,26.5131870403364,26.5359452917014,25.5975376808367,3.89238329573056,3.8732901348576
"91","DG_08","DG",8,"NC","E",9002016,35.78377,-82.25858,1897,28.1,74,103,35,6903,215,-79,294,145,-18,160,-18,1760,165,124,9,479,388,475,388,24.0110351235955,29.8057669419756,28.7713769217097,2.85117738639435,2.86471518934611
"92","DG_10","DG",10,"NC","E",9002016,35.786327,-82.25755,1922,55.4,69,99,33,6915,208,-84,292,140,-23,155,-23,1818,169,128,9,494,400,489,400,25.7815725262334,24.9236639947551,27.0794658344236,3.85937308084864,3.61667791934384
"93","EQU_01","EQU",1,"VT","C",9212017,43.13636,-73.13577,608,40.3,52,114,29,9444,244,-142,386,170,-63,170,-74,1293,126,84,11,353,273,353,282,26.4523620099069,23.1471394790771,31.5837579368669,1.28881364733105,3.71281892528113
"94","EQU_02","EQU",2,"VT","C",9212017,43.14051,-73.14051,701,35.1,52,114,29,9444,244,-142,386,170,-63,170,-74,1293,126,84,11,353,273,353,282,19.5611000545553,34.9107866406354,30.2533142706613,1.28043642418205,1.19647835871731
"95","EQU_03","EQU",3,"VT","C",9212017,43.14039,-73.13477,744,27.2,52,114,29,9444,244,-142,386,170,-63,170,-74,1293,126,84,11,353,273,353,282,31.1877686244177,27.1859007967863,27.6901004061298,2.52991666118469,2.64542215715346
"96","EQU_04","EQU",4,"VT","C",9212017,43.15425,-73.12742,975,26.3,39,106,28,9327,224,-149,373,155,-75,155,-85,1411,135,94,10,381,302,381,312,20.3167264436219,24.7743362096234,30.515864880409,1.10939664078146,2.44496702056092
"97","EQU_05","EQU",5,"VT","C",9212017,43.15975,-73.1255,1023,23.3,39,106,28,9305,223,-149,372,155,-75,155,-85,1410,135,93,10,381,301,381,311,14.4877074172475,29.0840773217826,31.3221598806796,1.09781812738966,5.4309128946685
"98","EQU_06","EQU",6,"VT","C",9212017,43.1619,-73.12386,1063,22.6,33,102,27,9292,215,-153,368,148,-80,148,-91,1469,140,98,10,395,316,395,326,20.0457887909333,29.1866297025136,24.8136431282063,0.189084860913425,5.96405347104929
"99","ESC_01","ESC",1,"NY","C",9052017,42.19985,-74.03118,678,37,64,109,29,9144,247,-121,368,157,-47,178,-58,1162,112,76,11,322,248,313,250,19.7371317517145,25.0629666300154,31.3434171026031,2.18406902511597,3.64262691664911
"100","ESC_02","ESC",2,"NY","C",9052017,42.20077,-74.03092,685,32.5,59,106,29,9075,239,-125,364,151,-52,171,-63,1206,115,80,10,331,259,323,261,22.91002115795,28.889097187072,28.998315006196,0.904895586906187,1.36441343544181
"101","ESC_03","ESC",3,"NY","C",9052017,42.20205,-74.02971,694,38.2,59,106,29,9075,239,-125,364,151,-52,171,-63,1206,115,80,10,331,259,323,261,17.8241583840345,31.6982528701855,28.4185756085444,2.16355031091104,9.54285607173076
"102","ESC_04","ESC",4,"NY","C",9052017,42.20549,-74.03112,730,28.6,59,106,29,9075,239,-125,364,151,-52,171,-63,1206,115,80,10,331,259,323,261,17.7016807306051,28.9885757095907,33.3129519003856,4.50112590586365,0.795136990177932
"103","ESC_05","ESC",5,"NY","C",9052017,42.21354,-74.03379,792,23.6,51,103,28,9059,229,-131,360,99,-59,163,-70,1276,122,85,10,348,276,338,278,35.474577975313,35.2809093422472,30.6496265800731,1.56285527553864,8.55913192413289
"104","ESC_06","ESC",6,"NY","C",9052017,42.21471,-74.03587,829,6,51,103,28,9059,229,-131,360,99,-59,163,-70,1276,122,85,10,348,276,338,278,15.063952375259,27.7105956028278,32.5092272367255,4.40015429561944,3.44451956052909
"105","G13_01","G13",1,"PA","M",9122017,41.41342,-76.29673,641,68,67,109,30,8754,249,-107,356,157,-49,176,-49,1019,111,59,20,317,187,305,187,29.062239398295,33.6000424363397,30.0194848295022,3.28767030505068,5.95906230525512
"106","G13_02","G13",2,"PA","M",9122017,41.41315,-76.29758,639,41.2,67,109,30,8754,249,-107,356,157,-49,176,-49,1019,111,59,20,317,187,305,187,35.3104021568825,32.5167240575989,29.25085437731,3.59396403113048,6.18928568112041
"107","G13_03","G13",3,"PA","M",9122017,41.41275,-76.29931,634,40.3,67,109,30,8754,249,-107,356,157,-49,176,-49,1019,111,59,20,317,187,305,187,24.4045289057892,31.3974307604371,28.1244584698469,1.51314724646254,3.43392127238713
"108","G13_04","G13",4,"PA","M",9122017,41.41232,-76.29998,637,37.5,67,109,30,8754,249,-107,356,157,-49,176,-49,1019,111,59,20,317,187,305,187,37.6175835448689,29.164443566672,30.000463452451,4.50319902925859,2.9326677612682
"109","G13_05","G13",5,"PA","M",9122017,41.41286,-76.2958,640,18.2,67,109,30,8754,249,-107,356,157,-49,176,-49,1019,111,59,20,317,187,305,187,30.6755079438743,34.0376599142623,27.3976659906469,1.37811851966629,2.34167750757572
"110","G18_01","G18",1,"PA","M",9132017,41.09564,-75.4884,538,NA,72,113,31,8822,255,-108,363,162,-35,182,-46,1217,122,79,12,346,255,331,257,11.701692484224,25.5132778170839,28.1394943234447,3.00480160534994,6.09789931436118
"111","G18_02","G18",2,"PA","M",9132017,41.09326,-75.49049,552,NA,72,113,31,8822,255,-108,363,162,-35,182,-46,1217,122,79,12,346,255,331,257,19.0098039631342,32.4672581652244,26.08459614623,2.25007067630556,10.6485654466606
"112","G18_03","G18",3,"PA","M",9132017,41.09363,-75.48915,560,NA,72,113,31,8822,255,-108,363,162,-35,182,-46,1217,122,79,12,346,255,331,257,8.8834132733945,34.8117165350647,27.0911940994803,4.53072633242299,3.54163404460208
"113","G57_01","G57",1,"PA","M",9122017,41.38781,-76.25086,644,28,66,108,30,8779,247,-109,356,156,-51,175,-51,1042,112,61,19,321,194,310,194,29.2780926513657,29.0179476430685,26.8364410662434,2.79011456358587,4.25234285347082
"114","G57_02","G57",2,"PA","M",9122017,41.38786,-76.24996,644,28.2,67,108,30,8745,248,-107,355,156,-49,175,-49,1041,112,61,19,321,193,310,193,25.8944985673055,34.4682732759459,27.8698579730557,1.66678518111564,6.42865605517392
"115","G57_03","G57",3,"PA","M",9122017,41.39196,-76.24501,635,22.4,67,108,30,8754,248,-107,355,157,-49,176,-49,1033,111,60,19,319,191,307,191,25.972711649138,29.4394272738035,36.2736799385854,3.68235855038238,5.58037110999929
"116","G57_04","G57",4,"PA","M",9122017,41.38787,-76.25036,655,25.6,66,108,30,8779,247,-109,356,156,-51,175,-51,1042,112,61,19,321,194,310,194,36.0966371486174,34.840584730213,31.870754166971,6.22199330953435,6.5119180927199
"117","G57_05","G57",5,"PA","M",9122017,41.3885,-76.27803,646,63.7,68,109,30,8791,250,-108,358,157,-50,177,-50,1026,111,60,19,318,189,307,189,23.5685376775936,26.0218388222425,28.8519989591622,0.925313388239855,2.08502272302315
"118","G57_06","G57",6,"PA","M",9122017,41.39518,-76.24475,632,17.7,67,108,30,8754,248,-107,355,157,-49,176,-49,1033,111,60,19,319,191,307,191,31.7076170481859,31.5356299391673,27.5034870264768,0.450239438410062,5.31852213493445
"119","G57_07","G57",7,"PA","M",9062017,41.41808,-76.16374,647,25.4,66,107,30,8778,247,-108,355,156,-51,175,-51,1055,112,63,18,322,199,311,199,29.0808033571749,28.1822886510591,28.3688520748589,3.99133422698381,4.54835549571167
"120","G57_08","G57",8,"PA","M",9062017,41.41875,-76.16496,652,45.7,66,107,30,8778,247,-108,355,156,-51,175,-51,1055,112,63,18,322,199,311,199,15.7086374105025,22.683814214718,31.1368103750487,3.90087190634109,4.01456335735809
"121","G57_09","G57",9,"PA","M",9062017,41.41903,-76.16552,652,30.7,66,107,30,8778,247,-108,355,156,-51,175,-51,1055,112,63,18,322,199,311,199,36.6905594827673,28.8590479252469,27.5194403254977,6.14600593862708,9.47244863254515
"122","G57_10","G57",10,"PA","M",9062017,41.41903,-76.16604,652,25.9,66,107,30,8778,247,-108,355,156,-51,175,-51,1055,112,63,18,322,199,311,199,36.7933556367698,30.4448553924371,30.3946746886795,4.47472376610617,1.63023465120744
"123","G57_11","G57",11,"PA","M",9062017,41.41982,-76.16662,652,33,66,107,30,8778,247,-108,355,156,-51,175,-51,1055,112,63,18,322,199,311,199,32.3962956159618,22.2332144271766,31.1733593272147,2.25477513233598,7.48870112735629
"124","GFM_48","GFM",48,"NC","E",NA,36.0898,-81.8383,1425,29.9,90,112,36,7016,238,-70,308,160,-4,177,-4,1523,143,104,11,422,325,420,325,19.1061554527519,25.8986516888704,25.5240662235285,1.60328909913233,3.85247462547111
"125","GFM_49","GFM",49,"NC","E",NA,36.0902,-81.8376,1423,34.7,90,112,36,7016,238,-70,308,160,-4,177,-4,1523,143,104,11,422,325,420,325,15.9019754290219,26.1737552061346,27.9030508313892,1.88564269477931,3.1484444807246
"126","GFM_50","GFM",50,"NC","E",NA,36.0905,-81.8369,1437,26.9,90,112,36,7016,238,-70,308,160,-4,177,-4,1523,143,104,11,422,325,420,325,23.0399195949771,29.2917861304257,26.2311608548224,4.15368691171371,6.43945056137691
"127","GFM_51","GFM",51,"NC","E",NA,36.0911,-81.8365,1444,44.9,90,112,36,7016,238,-70,308,160,-4,177,-4,1523,143,104,11,422,325,420,325,28.1626779404479,26.0727869022306,26.4180041623896,2.75039940426568,7.91310969548809
"128","GFM_55","GFM",55,"NC","E",NA,36.0928,-81.8361,1486,44.9,85,108,35,6985,231,-72,303,156,-8,173,-8,1548,144,104,11,430,328,427,328,39.2820866026864,31.8108061314964,26.2821199339842,4.30935724534135,4.14575476250038
"129","GPA_01","GPA",1,"WV","E",9292017,38.6156,-79.84402,1363,31.8,69,109,32,7880,228,-103,331,150,-38,165,-38,1474,143,108,8,406,340,395,340,16.7775827825991,32.2247356951805,27.4868497724078,3.56799789800185,2.09512713471792
"130","GPA_02","GPA",2,"WV","E",9292017,38.61929,-79.8956,1339,49.3,77,114,34,7900,237,-97,334,157,-31,172,-31,1441,143,105,9,401,333,391,333,9.51467681947432,33.2803506038396,26.5201548460767,2.09979495801023,6.13853212412544
"131","GPA_03","GPA",3,"WV","E",9292017,38.61926,-79.84243,1314,39.9,70,110,33,7870,229,-102,331,150,-37,165,-37,1469,143,107,8,406,338,395,338,29.5150009400247,32.3096987806232,26.061103079434,4.01768012970367,2.72296486486895
"132","GPA_04","GPA",4,"WV","E",9292017,38.59968,-79.85046,1147,39.6,74,112,33,7871,234,-99,333,154,-34,169,-34,1439,141,105,8,398,331,388,331,20.2664608024405,27.8740898010654,28.5486096417849,4.23949275208645,5.45951139012347
"133","GRE_01","GRE",1,"MA","C",9182017,42.6402,-73.17194,929,36,40,98,27,9119,217,-140,357,134,-71,154,-81,1423,134,99,9,380,313,378,319,28.5842861714325,31.081169577182,26.3161897425166,3.3310825593984,1.02609475849605
"134","GRE_03","GRE",3,"MA","C",9182017,42.63586,-73.16558,1055,37.6,40,98,27,9142,218,-140,358,134,-71,154,-81,1423,134,99,9,380,313,378,319,22.413294920063,24.7554371472012,28.032830007803,1.90446030932077,4.49142099994947
"135","GRE_04","GRE",4,"MA","C",9182017,42.63636,-73.16608,1055,30.8,40,98,27,9142,218,-140,358,134,-71,154,-81,1423,134,99,9,380,313,378,319,19.1969210675455,33.8306563164643,24.796555531596,1.36549981588134,2.40221788980148
"136","GRE_05","GRE",5,"MA","C",9182017,42.63514,-73.16494,1013,16.5,40,98,27,9142,218,-140,358,134,-71,154,-81,1423,134,99,9,380,313,378,319,11.7071890584666,32.5209465333532,28.446795221912,1.99836283207296,5.05156174928774
"137","GRE_06","GRE",6,"MA","C",9182017,42.63069,-73.17808,934,26.4,43,100,27,9166,221,-139,360,136,-69,157,-80,1396,131,97,9,375,306,373,312,12.154712805436,28.4249485573025,26.4534328655955,3.71499083207058,5.58878304839545
"138","GRE_07","GRE",7,"MA","C",9182017,42.63034,-73.18195,888,41.1,43,100,27,9166,221,-139,360,136,-69,157,-80,1396,131,97,9,375,306,373,312,24.443554951932,26.8961681191124,24.9661503517234,3.86303650659506,1.93720588567876
"139","HR_01","HR",1,"TN","E",9002016,35.5714,-83.17954,1615,59.2,79,110,36,6977,226,-77,303,77,86,166,-14,1887,186,136,7,504,440,485,458,28.8910780104638,24.5519972670619,26.4867621260292,1.95793907963705,4.31260080607285
"140","HR_02","HR",2,"TN","E",9002016,35.5716,-83.17953,1624,55.9,79,110,36,6977,226,-77,303,77,86,166,-14,1887,186,136,7,504,440,485,458,15.3829948524494,24.9712978707288,22.0507900687007,2.46384464057011,5.27112779860227
"141","HR_03","HR",3,"TN","E",9002016,35.56898,-83.17448,1627,57.8,80,111,36,6961,227,-76,303,78,87,167,-13,1878,185,135,7,502,437,483,456,20.0993064025922,27.0173536746777,26.5481615448273,2.57498899479312,1.4420230647927
"142","HR_05","HR",5,"TN","E",9002016,35.57113,-83.1706,1607,59.7,80,111,36,6961,227,-76,303,78,87,167,-13,1878,185,135,7,502,437,483,456,22.2539637711056,26.0825325765271,27.4585068098431,2.03965584751828,3.29564488699692
"143","HR_06","HR",6,"TN","E",9002016,35.57026,-83.16939,1605,55.9,80,111,36,6961,227,-76,303,78,87,167,-13,1878,185,135,7,502,437,483,456,12.6907326368085,31.4510033194407,25.5273607789575,3.48395848929298,0.627190905881204
"144","HR_07","HR",7,"TN","E",9002016,35.56706,-83.16762,1595,59.9,80,111,36,6961,227,-76,303,78,87,167,-13,1878,185,135,7,502,437,483,456,23.977592312803,23.2710549344594,25.9943777832549,4.83508167006412,3.27467265457838
"145","HR_10","HR",10,"TN","E",9002016,35.61916,-83.20716,1036,27.1,104,130,40,7035,261,-62,323,101,110,192,10,1535,157,101,10,417,338,396,384,15.8338850590665,24.6693072184025,30.6553438483603,0.857825237873463,3.02821191082489
"146","HUN_01","HUN",1,"NY","C",9072017,42.17801,-74.22929,1221,27.9,32,96,27,8912,202,-146,348,79,-77,142,-87,1481,142,102,9,397,326,382,331,27.8792110834513,29.0697307269658,33.1211999691812,1.71573660362831,5.13471461648816
"147","HUN_02","HUN",2,"NY","C",9072017,42.17772,-74.2286,1198,57.9,32,96,27,8912,202,-146,348,79,-77,142,-87,1481,142,102,9,397,326,382,331,10.8448959225772,28.9514408835332,31.2181096159342,1.58427407051522,4.93714589693812
"148","HUN_03","HUN",3,"NY","C",9072017,42.17778,-74.23087,1219,26.3,32,96,27,8912,202,-146,348,79,-77,142,-87,1481,142,102,9,397,326,382,331,20.8902557342641,NA,32.1672475582477,4.734800658176,7.88103532819579
"149","HUN_04","HUN",4,"NY","C",9072017,42.17897,-74.2295,1203,37,32,96,27,8912,202,-146,348,79,-77,142,-87,1481,142,102,9,397,326,382,331,21.1576734932373,29.6043173123861,30.4579129130925,1.96596691243877,3.56128849631237
"150","HUN_05","HUN",5,"NY","C",9072017,42.17995,-74.22938,1189,40.7,32,96,27,8912,202,-146,348,79,-77,142,-87,1481,142,102,9,397,326,382,331,22.6966395094841,33.8583336069175,30.8231657788763,0.692640267856548,4.25156196443112
"151","HUN_06","HUN",6,"NY","C",9072017,42.19198,-74.23504,1029,66.7,45,102,28,8985,220,-136,356,92,-65,156,-75,1342,129,90,10,364,292,350,295,26.7675767484313,26.8334833103545,26.8506125475258,2.76012576818973,4.28379895510936
"152","HUN_07","HUN",7,"NY","C",9072017,42.19412,-74.23513,991,44.4,45,102,28,8985,220,-136,356,92,-65,156,-75,1342,129,90,10,364,292,350,295,28.625667005284,30.2150217312356,28.6265527888379,2.30935311123078,0.641236889807942
"153","IND_01","IND",1,"NY","C",9062017,42.16541,-74.20158,646,25,52,104,28,9036,229,-130,359,100,-58,164,-69,1276,123,86,10,348,277,335,280,18.0661192641534,30.747289094017,33.1831290096859,0.915505389645196,1.01327686079994
"154","IND_02","IND",2,"NY","C",9062017,42.16542,-74.20212,652,23.2,52,104,28,9036,229,-130,359,100,-58,164,-69,1276,123,86,10,348,277,335,280,22.46361354831,30.8379371672372,30.8181480508095,4.32062386698468,5.27625569769606
"155","IND_03","IND",3,"NY","C",9062017,42.16714,-74.2009,633,25.1,60,107,29,9076,240,-125,365,107,-51,172,-62,1200,116,79,10,330,257,319,260,25.7845087044026,23.3940672899205,28.2648018101136,1.95411760502754,0.598491104034487
"156","IND_04","IND",4,"NY","C",9062017,42.16395,-74.20231,641,29.1,52,104,28,9036,229,-130,359,100,-58,164,-69,1276,123,86,10,348,277,335,280,16.4154882972173,31.8585562742515,30.2191664106115,3.01495567943679,2.97918092977486
"157","IND_05","IND",5,"NY","C",9062017,42.16349,-74.20258,636,21.3,52,104,28,9036,229,-130,359,100,-58,164,-69,1276,123,86,10,348,277,335,280,30.1780555459913,29.7232116497364,33.9420596703406,1.03582504337567,1.87475935751928
"158","IND_06","IND",6,"NY","C",9062017,42.16228,-74.20313,637,29.9,52,104,28,9036,229,-130,359,100,-58,164,-69,1276,123,86,10,348,277,335,280,19.2833192482762,31.2338622197175,30.1824568642494,3.18973812161832,5.3138804000523
"159","JAY_01","JAY",1,"VT","C",10062017,44.92981,-72.52965,900,21.1,22,99,25,10012,212,-176,388,146,-100,146,-112,1386,149,79,17,414,266,414,287,9.01516072261603,37.5716363609728,25.0985435790335,1.27351636105712,3.56595415041491
"160","JAY_02","JAY",2,"VT","C",10102017,44.9235,-72.51746,897,29.4,20,98,25,10008,209,-178,387,144,-102,144,-114,1416,152,81,16,421,274,421,295,12.3774688982068,34.4429535554024,31.671975222994,1.213869988434,8.92956571673263
"161","JAY_03","JAY",3,"VT","C",10102017,44.92305,-72.51562,861,27.5,21,98,25,10010,209,-178,387,145,-102,145,-113,1406,151,80,16,419,271,419,292,15.0047508126075,29.8408318480985,31.3527386881167,1.79001846094399,4.36546847222109
"162","KAN_02","KAN",2,"NH","C",10222017,44.02552,-71.495,862,19.2,30,109,28,9409,217,-163,380,-14,-84,148,-95,1456,146,102,10,398,318,384,336,31.1819341610159,24.2360104561462,27.1202488979147,2.73086948839707,2.81502980722013
"163","KAN_03","KAN",3,"NH","C",10222017,44.02137,-71.47896,785,7.6,31,109,28,9403,217,-163,380,-13,-84,148,-95,1456,146,103,10,398,319,383,337,17.6191883923768,31.1516183345814,26.2453323361048,1.35236821676063,9.7465974292937
"164","KAN_04","KAN",4,"NH","C",10222017,44.02144,-71.47961,787,8.1,31,109,28,9403,217,-163,380,-13,-84,148,-95,1456,146,103,10,398,319,383,337,27.785853946688,28.1985585762725,30.062314500228,3.06720006021231,5.09676651896692
"165","KAN_05","KAN",5,"NH","C",10222017,44.02235,-71.47746,777,12.9,31,109,28,9403,217,-163,380,-13,-84,148,-95,1456,146,103,10,398,319,383,337,36.1978188748147,32.8325288722452,26.1837965152065,2.55946570131172,6.64481222744834
"166","KAN_06","KAN",6,"NH","C",10222017,44.02168,-71.49196,841,3.9,28,107,28,9349,212,-165,377,-16,-86,144,-97,1488,149,105,9,407,327,390,345,9.69478675740737,31.1899182632261,27.9891087975682,1.53458568842152,2.13145956675434
"167","KIL_01","KIL",1,"VT","C",10212017,43.60633,-72.81543,1171,37.4,23,100,27,9330,204,-164,368,140,-90,140,-100,1536,149,101,11,417,327,417,341,36.4780163766689,29.8684432857368,30.0590968511014,2.27404817618061,2.36584212149942
"168","KIL_02","KIL",2,"VT","C",10212017,43.60703,-72.81634,1170,14.2,23,100,27,9330,204,-164,368,140,-90,140,-100,1536,149,101,11,417,327,417,341,16.3490688099132,27.9430622179416,29.4829420154881,1.366446232751,7.85318915262991
"169","KIL_03","KIL",3,"VT","C",10212017,43.60837,-72.8176,1145,23,27,103,27,9368,210,-161,371,144,-87,144,-97,1491,146,97,11,407,314,407,329,7.06926418608748,31.0467360600226,29.0613970188465,0.470804513406113,5.646844584586
"170","KIL_04","KIL",4,"VT","C",10212017,43.60933,-72.81762,1115,63.5,27,103,27,9368,210,-161,371,144,-87,144,-97,1491,146,97,11,407,314,407,329,40.0881295250651,34.4803423427993,27.9599362879297,3.1621528651022,2.37973538935137
"171","KIL_05","KIL",5,"VT","C",10212017,43.61079,-72.81821,1072,26,27,103,27,9368,210,-161,371,144,-87,144,-97,1491,146,97,11,407,314,407,329,26.1982457293725,28.4743031445312,32.3777537363201,2.09489862750563,8.0097478670245
"172","KIL_06","KIL",6,"VT","C",10212017,43.61229,-72.8187,1047,8,27,103,27,9368,210,-161,371,144,-87,144,-97,1491,146,97,11,407,314,407,329,14.1225093704835,26.4625175157941,31.8424112044063,0.996333239410966,3.13978932569745
"173","KOS_01","KOS",1,"WV","E",9292017,38.69131,-79.53503,1356,20.5,65,108,32,7905,225,-105,330,145,-42,162,-42,1413,134,102,8,389,317,377,317,21.911413616229,32.7396961837439,26.4180041623896,5.22636761604689,5.08400894794461
"174","KOS_02","KOS",2,"WV","E",9292017,38.6894,-79.54405,1419,51.6,63,107,32,7870,223,-106,329,144,-43,159,-43,1429,135,103,8,392,321,380,321,26.3690685051153,28.8728585328224,31.2986668138836,4.42313676973732,3.27148084309071
"175","KOS_03","KOS",3,"WV","E",9292017,38.69502,-79.54109,1428,35.3,63,107,32,7869,222,-107,329,143,-44,159,-44,1430,135,103,8,393,321,381,321,29.232423744129,32.7446203856562,30.3775411866704,2.31667182037063,6.99122283402782
"176","KOS_04","KOS",4,"WV","E",9292017,38.69886,-79.5338,1479,8.8,63,107,32,7869,222,-107,329,143,-44,159,-44,1430,135,103,8,393,321,381,321,32.5029461425837,23.3814856208384,27.7658077083104,3.36171363675697,5.6813187863803
"177","KOS_05","KOS",5,"WV","E",9292017,38.69966,-79.5335,1488,19.7,63,107,32,7869,222,-107,329,143,-44,159,-44,1430,135,103,8,393,321,381,321,19.3710948521259,27.6549170384804,26.4597179481191,2.14815532123568,4.78138799511992
"178","KOS_07","KOS",7,"WV","E",9292017,38.7023,-79.5302,1485,43.9,60,105,32,7890,219,-108,327,141,-46,157,-46,1455,137,105,8,399,327,387,327,26.8995659419381,27.2086201233537,24.7839045713725,1.60016838935492,5.20671852965654
"179","LEU_01","LEU",1,"ME","C",11192017,45.46921,-70.37423,668,8,28,113,27,10212,228,-182,410,154,-98,154,-109,1028,109,59,17,312,196,312,211,32.6702582052582,30.2747136943387,31.5041532924779,2.33522586042959,2.11443878582924
"180","LEU_02","LEU",2,"ME","C",11192017,45.47563,-70.37312,629,11.5,25,111,27,10230,224,-183,407,152,-101,152,-113,1049,111,60,17,317,201,317,216,23.7823374303485,29.0059695799722,30.0500636369393,1.88505415544729,6.95252100942693
"181","LEU_03","LEU",3,"ME","C",11192017,45.48267,-70.37241,741,24.5,25,111,27,10230,224,-183,407,152,-101,152,-113,1049,111,60,17,317,201,317,216,7.7294057757295,NA,28.9461590600593,2.27437251851648,8.83315193235665
"182","LEU_04","LEU",4,"ME","C",11192017,45.48342,-70.3726,752,8,18,107,26,10179,214,-187,401,145,-107,145,-118,1108,118,65,17,334,215,334,229,33.2019530744799,28.3267939648389,33.2098017008745,2.72659884641036,2.58628508452968
"183","LEU_05","LEU",5,"ME","C",11192017,45.47165,-70.3756,588,8.5,28,113,27,10223,228,-180,408,155,-97,155,-109,1026,109,59,17,311,196,311,211,34.3227319034894,28.2872435608056,28.7731174974304,3.79289823033263,6.49866233407253
"184","LOL_01","LOL",1,"NH","C",11042017,44.138,-71.71053,865,27.9,29,108,28,9538,217,-166,383,148,-87,148,-98,1385,135,92,12,385,289,385,307,11.8978567224814,29.6260395353662,33.6985304376439,3.05337934064074,7.24452483878597
"185","LOL_02","LOL",2,"NH","C",11042017,44.14044,-71.72354,957,8.8,29,107,28,9490,216,-165,381,147,-87,147,-98,1400,137,93,12,388,293,388,311,7.39956886237317,30.9869686279756,31.637331431244,1.10302209270912,4.33503207514116
"186","LOL_03","LOL",3,"NH","C",11042017,44.14035,-71.72276,950,9.6,29,107,28,9490,216,-165,381,147,-87,147,-98,1400,137,93,12,388,293,388,311,11.704303035681,33.0544153379706,31.4366233348629,2.90579965294829,6.72190934125544
"187","LOL_04","LOL",4,"NH","C",11052017,44.14965,-71.7104,1154,10.5,20,102,27,9336,201,-169,370,137,-94,137,-104,1526,150,105,10,414,328,414,347,16.5698155157153,31.7756919173341,28.6507902429832,1.61851739571552,8.72510083454264
"188","LOL_05","LOL",5,"NH","C",11052017,44.14922,-71.71134,1137,14.8,20,102,27,9336,201,-169,370,137,-94,137,-104,1526,150,105,10,414,328,414,347,24.5933590069583,25.0089531503619,30.7675089322316,3.78776197680934,4.3077798077431
"189","MAC_01","MAC",1,"NY","C",10132017,44.05343,-73.78043,1317,14.8,15,102,27,9518,198,-177,375,123,-102,132,-112,1439,147,88,13,407,291,406,304,36.7097482086086,26.7794281317683,33.3236005704636,1.35072844650725,4.28038622337928
"190","MAC_02","MAC",2,"NY","C",10132017,44.05138,-73.78415,1172,8.1,22,106,27,9520,207,-172,379,130,-95,139,-106,1353,141,82,14,387,271,386,282,13.6518757825513,27.755774111088,29.2814331847472,2.73764875247372,4.97384195368598
"191","MAC_03","MAC",3,"NY","C",10132017,44.05165,-73.78802,1036,12.2,22,106,27,9520,207,-172,379,130,-95,139,-106,1353,141,82,14,387,271,386,282,30.5575771858232,28.223543335708,27.5844615905284,2.83637022932223,4.42673211948372
"192","MAC_04","MAC",4,"NY","C",10132017,44.05131,-73.78914,1014,4.5,22,106,27,9520,207,-172,379,130,-95,139,-106,1353,141,82,14,387,271,386,282,36.3670002673176,30.2684770800971,32.1780550654383,1.74963827660758,5.21122959112124
"193","MAC_05","MAC",5,"NY","C",10132017,44.05025,-73.78994,969,7.5,22,106,27,9520,207,-172,379,130,-95,139,-106,1353,141,82,14,387,271,386,282,21.9419564380511,28.8037014143394,30.6624295890015,2.02234483734173,6.51879758845234
"194","MMF_02","MMF",2,"VT","C",9022017,44.52266,-72.80222,998,23.3,26,98,25,9819,213,-168,381,148,-93,148,-105,1420,151,80,16,419,271,419,291,NA,NA,NA,NA,NA
"195","MMF_10","MMF",10,"VT","C",9042017,44.53615,-72.81747,1224,3.4,19,94,25,9789,203,-173,376,141,-100,141,-111,1537,161,87,16,449,297,449,319,NA,NA,NA,NA,NA
"196","MMF_13","MMF",13,"VT","C",9112017,44.51382,-72.79353,737,32.6,43,107,26,9944,239,-158,397,167,-78,167,-90,1160,129,63,19,355,213,355,226,22.7372501247072,30.2614989986902,29.5981168077323,0.945309629248827,0.534190162464078
"197","MMF_14","MMF",14,"VT","C",9112017,44.51656,-72.78146,565,18.7,47,109,27,9974,244,-155,399,171,-75,171,-87,1114,124,60,19,342,202,342,214,NA,NA,NA,NA,NA
"198","MMF_20","MMF",20,"VT","C",9272017,44.51768,-72.78983,710,43.1,40,106,26,9918,234,-159,393,163,-81,163,-93,1200,132,66,18,365,222,365,236,NA,NA,NA,NA,NA
"199","MMF_21","MMF",21,"VT","C",9272017,44.51781,-72.7906,724,31.5,40,106,26,9918,234,-159,393,163,-81,163,-93,1200,132,66,18,365,222,365,236,NA,NA,NA,NA,NA
"200","MMF_24","MMF",24,"VT","C",9272017,44.51411,-72.79349,737,46.5,43,107,26,9944,239,-158,397,167,-78,167,-90,1160,129,63,19,355,213,355,226,14.6801121998702,26.219150451593,29.5182997223286,1.51327668087358,5.95508835424571
"201","MPG_01","MPG",1,"VT","C",9302017,44.72913,-72.03024,826,15.9,29,109,27,9983,223,-174,397,152,-93,152,-106,1260,138,73,17,384,241,384,262,29.5377015484492,35.0327017059913,32.913492659297,0.947872681877026,4.61839861379428
"202","MPG_02","MPG",2,"VT","C",9302017,44.7312,-72.03259,820,39.7,29,109,27,9983,223,-174,397,152,-93,152,-106,1260,138,73,17,384,241,384,262,25.883153351498,34.2448823760704,28.5508454866573,1.03576057453625,6.38943981944042
"203","MPG_03","MPG",3,"VT","C",9302017,44.73103,-72.03169,830,15.3,29,109,27,9983,223,-174,397,152,-93,152,-106,1260,138,73,17,384,241,384,262,30.4969573390349,27.0544392437318,33.0416654321702,4.28387045386193,2.33125207353429
"204","MPG_04","MPG",4,"VT","C",9302017,44.72968,-72.02951,820,34,29,109,27,9983,223,-174,397,152,-93,152,-106,1260,138,73,17,384,241,384,262,32.258399704167,31.9539640670299,26.6891867288362,2.22571296981423,5.16090206314282
"205","MPG_05","MPG",5,"VT","C",9302017,44.72948,-72.02926,824,16.3,29,109,27,9983,223,-174,397,152,-93,152,-106,1260,138,73,17,384,241,384,262,36.7458173494441,27.5993756018832,30.7322188432957,0.613252578213375,4.21263693217479
"206","MPG_06","MPG",6,"VT","C",9302017,44.72881,-72.0307,822,38.2,29,109,27,9983,223,-174,397,152,-93,152,-106,1260,138,73,17,384,241,384,262,35.6061270460243,24.9202782739699,27.3545238680567,3.34315678215094,5.86482903153096
"207","MRC_02","MRC",2,"VA","E",10122016,36.672274,-81.506,1600,32.8,77,106,34,7190,225,-81,306,150,-19,166,-19,1437,140,99,10,404,308,388,308,20.1851526456779,27.641179310565,28.1731677267682,2.0144958181301,9.18303655114195
"208","MRC_07","MRC",7,"VA","E",10132016,36.6625,-81.516944,1569,43.4,74,103,33,7169,220,-83,303,147,-22,163,-22,1464,142,101,10,412,313,397,313,28.2769763363767,33.2225902126891,28.6121702033894,1.03574618688389,5.11537810665477
"209","MRC_08","MRC",8,"VA","E",10142016,36.6625,-81.516111,1554,51.1,77,105,34,7186,225,-80,305,150,-19,167,-19,1442,140,99,10,406,309,391,309,19.6040231760981,29.7442604612976,30.3281550440726,3.53809858661276,4.15592766711593
"210","MRC_16","MRC",16,"VA","E",10152016,36.65629,-81.54009,1616,23.4,72,102,34,7148,216,-84,300,145,-24,160,-24,1491,144,102,10,419,318,405,318,17.5455133968673,29.2884785400155,28.1056002544532,0.799905993304463,4.0555864688272
"211","MRC_18","MRC",18,"VA","E",9002016,36.65793,-81.53847,1645,18.3,72,102,34,7148,216,-84,300,145,-24,160,-24,1491,144,102,10,419,318,405,318,27.03437670547,27.9914904929684,27.661757443565,4.46736236140549,5.0352776996184
"212","MSK_01","MSK",1,"NH","C",10232017,44.43429,-71.43275,1197,18,11,100,27,9420,190,-179,369,129,-103,129,-114,1576,155,109,10,428,342,428,361,15.7202776781218,29.828048812102,28.3095520988331,1.01344789306698,6.15414240503936
"213","MSK_02","MSK",2,"NH","C",10232017,44.43365,-71.41321,1226,19.1,14,101,27,9413,195,-177,372,132,-101,132,-111,1536,151,105,11,419,331,419,350,5.34423153431104,31.5639237123242,26.7441144852415,1.81079299032956,4.38070750403831
"214","MSK_03","MSK",3,"NH","C",10232017,44.43383,-71.42283,1158,12.7,18,104,27,9504,201,-176,377,136,-98,136,-109,1490,146,101,11,408,318,408,338,1.41065669300281,26.1406585118725,30.0970497705313,0.620512243066993,2.85303655241469
"215","MSK_04","MSK",4,"NH","C",11252017,44.4242,-71.44677,850,39,29,112,28,9678,221,-171,392,149,-89,149,-100,1342,133,88,12,377,277,377,297,35.0314083893904,27.6628709051541,29.1885373266132,3.42843256842875,2.96690520494916
"216","MT_01","MT",1,"NC","E",9002016,35.7568,-82.2524,1711,59.5,76,103,34,6890,216,-79,295,146,-16,161,-16,1759,165,124,9,477,388,474,388,24.3624318160151,32.8604523296766,30.9391516800316,0.781649012193963,4.71077250341917
"217","MT_04","MT",4,"NC","E",9002016,35.75649,-82.25134,1678,55,76,103,34,6890,216,-79,295,146,-16,161,-16,1759,165,124,9,477,388,474,388,17.6643805570811,30.6548291500493,25.2734512501907,2.99372640563133,7.80823019229156
"218","MT_05","MT",5,"NC","E",9002016,35.75581,-82.25083,1649,54.4,76,103,34,6890,216,-79,295,146,-16,161,-16,1759,165,124,9,477,388,474,388,34.638470253605,29.2027894401976,31.3695242202954,2.92308936612842,2.29256679031983
"219","MT_07","MT",7,"NC","E",9002016,35.75458,-82.24234,1470,39.4,84,110,36,6923,229,-73,302,154,-8,170,-8,1671,159,118,9,453,369,450,369,26.9018126164001,30.4279745327167,23.9517548219622,5.81908261957219,8.25954657924705
"220","MT_08","MT",8,"NC","E",9002016,35.7524,-82.24024,1420,44.8,90,115,37,6900,237,-69,306,160,-2,176,-2,1601,153,113,9,434,355,431,355,13.7727150193265,21.6928727198261,26.7797551411139,0.932598862323069,2.08429147452705
"221","MT_09","MT",9,"NC","E",9002016,35.75366,-82.24549,1533,33,84,110,36,6923,229,-73,302,154,-8,170,-8,1671,159,118,9,453,369,450,369,25.3991825537596,28.5994631688899,28.6322954963172,3.36963140806765,2.63899591090722
"222","MT_10","MT",10,"NC","E",9002016,35.75354,-82.245,1525,51.2,84,110,36,6923,229,-73,302,154,-8,170,-8,1671,159,118,9,453,369,450,369,19.4244962605625,25.9192288917753,26.0903786574544,5.78934905922169,4.1396256843935
"223","MT_12","MT",12,"NC","E",9002049,35.757069,-82.252205,1701,51.5,76,103,34,6890,216,-79,295,146,-16,161,-16,1759,165,124,9,477,388,474,388,27.7191951328075,28.8535286594692,27.0161986331693,2.28285667442477,2.81928057238993
"224","NBTIC_543","NBTIC",543,"NB","C",9042015,46.22,-67.14,NA,NA,38,111,27,10254,241,-169,410,-10,-39,166,-100,1102,110,75,11,311,233,286,272,16.3929216554338,15.8058769147965,32.7266493517298,1.78481325070422,2.74064443951786
"225","NBTIC_552","NBTIC",552,"NB","C",9042015,46.18,-67.15,NA,NA,42,112,27,10237,245,-165,410,-5,-36,169,-97,1079,108,74,11,305,229,278,268,32.7959501449347,19.7198702699572,32.7244135068574,2.43495664029357,0.750307423278024
"226","NBTIC_565","NBTIC",565,"NB","C",9042015,46.66,-67.6,NA,NA,30,112,26,10533,236,-182,418,149,-49,161,-112,1062,106,68,14,304,213,301,241,21.5523340402815,28.3979047004105,34.2236316571394,2.44598495389069,8.13003582616903
"227","NBTIC_623","NBTIC",623,"NB","C",9042015,45.48,-66.65,585,NA,54,95,26,9050,230,-126,356,-36,-19,165,-68,1187,123,87,12,352,270,270,320,22.5207820037725,31.5759047152898,28.9125964653817,2.39310935878114,8.74481603448825
"228","NBTIC_624","NBTIC",624,"NB","C",9042015,45.42,-66.7,682,NA,52,93,26,8994,227,-126,353,-37,163,163,-69,1207,126,87,12,359,271,271,326,48.6117811343539,24.4747010423626,33.0246286646835,3.90591736232123,3.96102766957116
"229","NBTIC_627","NBTIC",627,"NB","C",9042015,45.26,-66.49,464,NA,57,88,26,8487,221,-111,332,-25,161,161,-57,1229,130,88,14,375,270,270,345,8.53121550778727,27.4033702133781,31.9464614691517,0.704236542893396,5.60586102505365
"230","NOR_01","NOR",1,"NY","C",9052017,42.21991,-74.04099,919,20.7,46,101,28,8984,221,-135,356,93,-64,157,-74,1329,126,90,10,360,289,350,292,38.3551391781137,22.8357838427968,28.1346444276759,3.16137783751872,1.58192196326386
"231","NOR_02","NOR",2,"NY","C",9052017,42.22041,-74.04166,923,30.3,46,101,28,8984,221,-135,356,93,-64,157,-74,1329,126,90,10,360,289,350,292,32.8036624315439,35.4896802172447,29.4927802816327,2.76294920516681,5.68042734281149
"232","NOR_03","NOR",3,"NY","C",9052017,42.22059,-74.04261,935,4.1,49,102,28,9027,225,-132,357,96,-62,160,-72,1300,124,87,10,353,282,344,284,17.8094583375329,32.585851895571,30.8023614632014,0.651009195575885,4.77456763270344
"233","NOR_04","NOR",4,"NY","C",9052017,42.21969,-74.04345,937,31.5,49,102,28,9027,225,-132,357,96,-62,160,-72,1300,124,87,10,353,282,344,284,21.2970479390402,26.611670054324,28.4072245473613,0.347195077075328,0.782306667527568
"234","NOR_05","NOR",5,"NY","C",9052017,42.21886,-74.04497,961,25.3,49,102,28,9027,225,-132,357,96,-62,160,-72,1300,124,87,10,353,282,344,284,23.3543299973591,35.1197881147363,29.0237324707682,1.93086623069276,4.50781182901919
"235","NOR_06","NOR",6,"NY","C",9052017,42.21925,-74.04668,962,28.2,49,102,28,9027,225,-132,357,96,-62,160,-72,1300,124,87,10,353,282,344,284,28.9223845456562,32.7751455496282,30.7664798537469,0.727429092967096,4.62973455936306
"236","OCT_01","OCT",1,"MA","C",9192017,42.36216,-73.15527,582,31.2,60,108,29,9188,245,-125,370,154,-52,175,-63,1227,115,86,9,335,269,332,274,23.1737602138768,32.7336469727049,31.1413039131087,1.75387938027976,6.60020293204545
"237","OCT_02","OCT",2,"MA","C",9192017,42.36126,-73.15881,576,11.1,61,109,29,9195,247,-124,371,155,-51,175,-63,1223,114,85,9,333,268,331,273,13.2286930854843,30.9793102712093,31.3810816506815,1.14420322753706,2.88334522161175
"238","OCT_03","OCT",3,"MA","C",9192017,42.35426,-73.17902,571,54.6,61,109,29,9152,247,-124,371,154,-50,175,-62,1214,114,84,9,332,265,329,270,11.3623508979217,25.8041563282492,29.946013372194,0.311150689530876,2.69043471745549
"239","OCT_04","OCT",4,"MA","C",9192017,42.34901,-73.19077,549,19.4,63,111,29,9184,251,-122,373,157,-48,178,-60,1195,111,83,9,327,262,326,267,15.3846469159868,33.4006282577753,30.641172367078,1.73989588675051,4.34890236093548
"240","OCT_06","OCT",6,"MA","C",9192017,42.361,-73.15971,586,10.9,61,109,29,9195,247,-124,371,155,-51,175,-63,1223,114,85,9,333,268,331,273,26.3676201734596,30.3753289665569,28.7470103797381,1.35469028631507,1.30640298392671
"241","OCT_08","OCT",8,"MA","C",9192017,42.36194,-73.15504,592,8.4,60,108,29,9188,245,-125,370,154,-52,175,-63,1227,115,86,9,335,269,332,274,18.7141715380318,28.0182753931994,28.6123813075556,1.77975211020927,7.35812584195915
"242","OKE_01","OKE",1,"VT","C",10172017,43.41356,-72.74883,812,31.1,39,109,28,9397,227,-153,380,156,-76,156,-87,1388,134,93,10,375,297,375,310,20.4571900974777,28.0401152612693,26.1237591595822,2.98734912214146,7.16112712532278
"243","OKE_02","OKE",2,"VT","C",10172017,43.41016,-72.75069,910,49.1,41,111,29,9409,230,-152,382,158,-74,158,-85,1365,132,91,10,369,292,369,305,28.3694615115738,33.053228035069,28.3914163022475,1.49397022414306,5.70655821701822
"244","OKE_03","OKE",3,"VT","C",10172017,43.409,-72.74791,935,24.7,39,109,28,9397,227,-153,380,156,-76,156,-87,1388,134,93,10,375,297,375,310,18.9073306733792,30.8985285583563,29.0259683156406,1.5742091602282,6.62200249751209
"245","OKE_04","OKE",4,"VT","C",10172017,43.40522,-72.75047,1020,27.7,34,106,28,9353,218,-156,374,150,-81,150,-91,1452,139,98,10,390,313,390,326,24.8360580317452,28.5230913367976,31.3158949457765,4.67224833092155,3.47785766127938
"246","OKE_05","OKE",5,"VT","C",10172017,43.40388,-72.75101,1020,39.8,34,106,28,9353,218,-156,374,150,-81,150,-91,1452,139,98,10,390,313,390,326,13.772237679664,25.4927559405618,31.5776829150977,2.35292086909483,4.75115273317345
"247","OKE_06","OKE",6,"VT","C",10172017,43.40847,-72.74814,953,56.8,39,109,28,9397,227,-153,380,156,-76,156,-87,1388,134,93,10,375,297,375,310,25.1798525946297,24.7114148314478,30.3638192323494,3.01162810293456,2.96318580425006
"248","OWL_01","OWL",1,"VT","C",10012017,44.29606,-72.2939,580,14.1,42,114,28,9789,240,-159,399,164,-77,164,-89,1117,121,65,17,336,215,336,230,33.1800784978241,24.942971983001,28.0801943474189,0.857688796548848,4.82761764594489
"249","OWL_02","OWL",2,"VT","C",10012017,44.2958,-72.29314,581,12,42,114,28,9789,240,-159,399,164,-77,164,-89,1117,121,65,17,336,215,336,230,28.8238720509157,25.2219355295582,31.7059556931635,0.869780702474023,5.25329056584568
"250","OWL_03","OWL",3,"VT","C",10012017,44.29611,-72.29464,584,24.5,42,114,28,9789,240,-159,399,164,-77,164,-89,1117,121,65,17,336,215,336,230,17.3001459151864,27.9301028248246,29.4328477891084,2.07936018997258,4.59748745725444
"251","OWL_04","OWL",4,"VT","C",10012017,44.29652,-72.29517,589,11.7,42,114,28,9789,240,-159,399,164,-77,164,-89,1117,121,65,17,336,215,336,230,33.4068755299239,28.1089057509349,28.9953895082034,1.95727532611541,12.5372553595073
"252","PRK_01","PRK",1,"WV","E",9282017,38.32659,-80.15412,1440,19.7,70,109,33,7815,227,-101,328,150,-36,165,-36,1504,148,112,8,415,348,403,348,38.6805808573089,30.9858505079474,24.8051385109032,0.695774938113134,3.82138128514039
"253","PRK_02","PRK",2,"WV","E",9282017,38.33402,-80.15413,1398,64,71,110,33,7854,228,-100,328,151,-36,166,-36,1501,148,111,8,414,348,402,348,29.5630054739563,29.574386000799,25.3279013304477,1.49320956630292,4.42882126846555
"254","PRK_03","PRK",3,"WV","E",9282017,38.34276,-80.16302,1268,35.3,73,111,33,7841,231,-99,330,153,84,168,-34,1496,149,111,9,414,347,403,347,17.5229299055152,32.1608933828649,25.0724364613412,0.919556841093996,2.8805171699376
"255","PRK_04","PRK",4,"WV","E",9282017,38.34618,-80.16209,1262,26.9,73,111,33,7841,231,-99,330,153,84,168,-34,1496,149,111,9,414,347,403,347,26.4818181867456,34.1877795845592,28.2718875507548,3.69661335936995,5.85593444011169
"256","PRK_05","PRK",5,"WV","E",9282017,38.34659,-80.16196,1267,18.8,73,111,33,7841,231,-99,330,153,84,168,-34,1496,149,111,9,414,347,403,347,12.5316611728935,30.3014334634333,26.7633478149591,0.787291196130036,5.4725966324354
"257","PRO_01","PRO",1,"VT","C",8152017,44.52872,-72.86739,448,36.6,52,109,27,9998,249,-151,400,176,-71,176,-83,1066,120,56,20,331,188,331,199,NA,NA,NA,NA,NA
"258","PRO_02","PRO",2,"VT","C",8152017,44.52773,-72.8672,425,37.8,52,109,27,9998,249,-151,400,176,-71,176,-83,1066,120,56,20,331,188,331,199,4.54361329213799,31.4982630918259,28.5933599305044,2.00770090160876,1.92698325993042
"259","PRO_03","PRO",3,"VT","C",8152017,44.52746,-72.86732,420,41,52,109,27,9998,249,-151,400,176,-71,176,-83,1066,120,56,20,331,188,331,199,28.2653862844388,27.970894645424,32.3011267072348,2.05669654269714,4.89922275392129
"260","PRO_04","PRO",4,"VT","C",9012017,44.52844,-72.86649,429,NA,49,108,27,9977,245,-154,399,172,-73,172,-86,1102,124,59,20,341,197,341,209,24.9014269567094,28.6834145827821,32.3578126323643,2.76997146699097,2.31535384455326
"261","RP_01","RP",1,"TN","E",9002016,35.60925,-83.44671,1617,54.1,81,112,36,7033,229,-77,306,79,132,168,-13,1869,186,130,8,502,427,476,463,19.2125466720503,27.0525622102815,28.1063014651112,3.80887570328739,5.9456116487808
"262","RP_03","RP",3,"TN","E",9002016,35.60989,-83.44798,1586,50.4,81,112,36,7033,229,-77,306,79,132,168,-13,1869,186,130,8,502,427,476,463,17.3316426019118,31.4625409866321,23.3106239775454,3.762818133168,3.83781769102298
"263","RP_05","RP",5,"TN","E",9002016,35.61014,-83.45202,1545,48.2,77,109,35,7055,224,-80,304,74,128,164,-18,1914,189,134,8,513,439,487,472,33.4248035326637,29.4216016269718,26.4582827613643,2.46060341585751,1.06242891440109
"264","RP_06","RP",6,"TN","E",9002016,35.61018,-83.45275,1537,63,77,109,35,7055,224,-80,304,74,128,164,-18,1914,189,134,8,513,439,487,472,27.926386631413,27.1968294407967,24.7602856671051,1.19654895169611,1.75934644885132
"265","RP_11","RP",11,"TN","E",9002016,35.61305,-83.46869,1370,62.3,88,117,37,7049,239,-72,311,86,139,176,-6,1795,180,122,9,484,405,455,450,23.4314621926205,24.8010621635599,24.5594327299665,2.34104442150997,5.75299363445683
"266","SAV_01","SAV",1,"MA","C",9202017,42.60101,-73.02749,767,43.8,55,107,28,9277,241,-131,372,150,-58,171,-69,1294,122,91,9,349,285,344,292,18.9356044520399,33.997916250908,26.3777255634149,2.94783573760723,3.24840736799061
"267","SAV_02","SAV",2,"MA","C",9202017,42.60059,-73.0264,759,41.9,55,107,28,9277,241,-131,372,150,-58,171,-69,1294,122,91,9,349,285,344,292,16.4404189946531,28.6720201540404,30.3998789792537,0.120682005121743,4.26996177833368
"268","SAV_03","SAV",3,"MA","C",9202017,42.60036,-73.02493,738,38,56,107,28,9235,242,-130,372,150,-57,171,-68,1287,121,90,9,348,283,343,291,22.2531146357703,23.1934970009724,26.8080981036786,1.75952963328429,4.58797713866652
"269","SAV_04","SAV",4,"MA","C",9202017,42.65836,-73.05849,564,37.3,57,109,28,9310,246,-131,377,153,-56,173,-67,1272,120,88,9,346,278,341,285,34.6706651389645,26.8361550227145,27.8131720479262,1.96307521644252,2.77695704726393
"270","SAV_05","SAV",5,"MA","C",9202017,42.65893,-73.05984,572,32.9,57,109,28,9310,246,-131,377,153,-56,173,-67,1272,120,88,9,346,278,341,285,17.8471620820229,31.4415003888953,24.7722213035151,2.15962081707877,6.02127895557953
"271","SAV_06","SAV",6,"MA","C",9202017,42.6589,-73.06075,577,51.6,57,109,28,9310,246,-131,377,153,-56,173,-67,1272,120,88,9,346,278,341,285,23.0416900278192,31.4579883157033,30.7288153056685,2.6436597313702,7.28713635981499
"272","SAV_07","SAV",7,"MA","C",9202017,42.65743,-73.06254,612,48.9,59,111,29,9315,249,-129,378,155,-54,175,-65,1254,118,87,9,340,273,336,281,30.9259314879398,30.028674358879,30.1280067839924,5.37228484029964,4.74366733250687
"273","SPR_01","SPR",1,"PA","M",9142017,41.2067,-75.64813,586,32.7,69,111,30,8819,250,-111,361,158,-38,178,-49,1164,116,74,14,339,235,328,237,25.6289456718794,28.2874776726478,27.0397090670931,3.4574399045197,3.43887377567015
"274","SPR_02","SPR",2,"PA","M",9142017,41.20095,-75.6479,567,20.5,69,111,30,8819,250,-111,361,158,-38,178,-49,1164,116,74,14,339,235,328,237,28.8054960387221,26.4531412527474,28.5672528128121,1.73596181597082,5.76616553630762
"275","SPR_03","SPR",3,"PA","M",9142017,41.20177,-75.64116,585,NA,68,111,30,8813,250,-110,360,158,-38,178,-49,1173,117,75,14,341,238,329,240,20.147837115,29.9014319694018,36.2099664381263,4.42298742364783,3.47053489388436
"276","SPR_04","SPR",4,"PA","M",9142017,41.2021,-75.63768,588,39.8,68,111,30,8813,250,-110,360,158,-38,178,-49,1173,117,75,14,341,238,329,240,19.6533454996458,26.6196449018296,30.3409572092519,1.72657099733622,2.2164537192104
"277","SPR_05","SPR",5,"PA","M",9142017,41.20205,-75.6366,590,31.5,68,111,30,8813,250,-110,360,158,-38,178,-49,1173,117,75,14,341,238,329,240,27.0487755421368,28.0350347388444,25.4461230764755,3.5630822058193,5.48393543635697
"278","TWI_02","TWI",2,"NY","C",9062017,42.11969,-74.12601,1064,19,42,99,28,8964,215,-137,352,89,-67,153,-78,1404,133,97,9,378,310,363,314,31.3152259883926,32.4520290396962,30.6576130277342,1.93473574478074,6.30713217252404
"279","TWI_03","TWI",3,"NY","C",9062017,42.1222,-74.12683,1042,10,42,99,28,8964,215,-137,352,89,-67,153,-78,1404,133,97,9,378,310,363,314,6.73750481379156,27.4845749453483,29.6622055405227,1.34453339768116,6.06958176262714
"280","TWI_04","TWI",4,"NY","C",9062017,42.12289,-74.1269,1051,23.7,42,99,28,8964,215,-137,352,89,-67,153,-78,1404,133,97,9,378,310,363,314,30.2499962974978,26.9944837075359,29.8038213016567,0.489926198290679,1.12354116475909
"281","TWI_05","TWI",5,"NY","C",9062017,42.12367,-74.12727,1074,18.5,42,99,28,8964,215,-137,352,89,-67,153,-78,1404,133,97,9,378,310,363,314,25.9481945528237,30.4692465731179,29.1623992691204,1.02965039512845,8.84359432733874
"282","TWI_06","TWI",6,"NY","C",9062017,42.12489,-74.12855,1100,29.5,42,99,28,8964,215,-137,352,89,-67,153,-78,1404,133,97,9,378,310,363,314,18.4293839372179,22.4976487640677,28.938703583074,2.49420067429988,2.07065270499002
"283","WA_412","WA",412,"NC","E",9002016,35.34417,-83.35255,1285,49.1,97,123,39,6925,248,-63,311,18,148,183,4,1855,188,128,9,502,421,464,473,24.8454491762797,32.7618707957413,27.8012364115163,1.56099316038165,1.2559913263713
"284","WA_414","WA",414,"NC","E",9002016,35.34103,-83.35087,1273,44.8,97,123,39,6905,249,-63,312,19,149,183,5,1852,188,128,9,502,421,462,473,22.6074891393238,28.5040557406889,25.6139450069915,0.975095734183844,3.79346928834112
"285","WA_416","WA",416,"NC","E",9002016,35.33896,-83.3516,1251,51,97,123,39,6905,249,-63,312,19,149,183,5,1852,188,128,9,502,421,462,473,24.9652327705518,29.3595698238633,29.1358793806234,3.80921427329845,5.25894842052265
"286","WA_418","WA",418,"NC","E",9002016,35.3378,-83.35202,1264,54.8,97,123,39,6905,249,-63,312,19,149,183,5,1852,188,128,9,502,421,462,473,26.1074177064308,24.7021957752983,29.8511128510545,2.08157440568551,4.9932733251239
"287","WA_419","WA",419,"NC","E",9002016,35.34348,-83.35368,1277,60.8,97,123,39,6925,248,-63,311,18,148,183,4,1855,188,128,9,502,421,464,473,47.1061270460422,25.1357631447432,29.8827368454393,4.12146510377115,6.32678828787473
"288","WCA_01","WCA",1,"NY","C",9082017,42.46577,-74.57816,574,21,58,113,30,9168,245,-128,373,151,-54,172,-65,1065,107,62,15,310,210,301,210,6.56402359174228,23.3344881142141,31.5748153606794,1.64114479889657,3.79881979749924
"289","WCA_02","WCA",2,"NY","C",9082017,42.4851,-74.597,582,50,58,112,30,9143,245,-128,373,151,-64,172,-64,1067,107,62,15,311,210,302,210,29.3492895515693,26.1290194198794,28.8085462006363,1.31613395040008,1.78089903183135
"290","WCA_03","WCA",3,"NY","C",9082017,42.4851,-74.597,582,42,58,112,30,9143,245,-128,373,151,-64,172,-64,1067,107,62,15,311,210,302,210,19.3515044248365,31.5520597207109,26.4937114645702,2.11270681413312,5.83165540019211
"291","WCA_04","WCA",4,"NY","C",9082017,42.48974,-74.5986,566,49.9,58,112,30,9143,245,-128,373,151,-64,172,-64,1067,107,62,15,311,210,302,210,24.3863460670334,33.1811640940087,29.879011195379,4.71202066122303,5.1102329440129
"292","WCA_05","WCA",5,"NY","C",9082017,42.48933,-74.59966,568,20.4,58,112,30,9143,245,-128,373,151,-64,172,-64,1067,107,62,15,311,210,302,210,21.679043413893,30.2004798262419,27.9925255150473,3.01079705072487,0.646418640992668
"293","WCA_07","WCA",7,"NY","C",9082017,42.49206,-74.64082,571,21,58,113,30,9162,245,-128,373,151,-54,171,-65,1063,106,61,15,310,208,302,208,13.1329780014084,27.6466013539711,27.6718643126133,0.111764174655971,3.47499420207351
"294","WHI_01","WHI",1,"NY","C",9012017,44.39593,-73.90094,893,6.4,33,112,28,9707,226,-166,392,143,-86,153,-97,1135,126,66,17,343,216,341,227,32.1641344657704,27.9890165738015,28.6845739791407,1.38252134640351,3.96454784630925
"295","WHI_03","WHI",3,"NY","C",9012017,44.39735,-73.89967,881,13.3,25,108,27,9696,216,-172,388,135,-94,145,-104,1229,133,72,16,365,238,363,250,35.6083960891858,28.319544808836,29.5037051955203,3.46908028447196,4.24705176584568
"296","WHI_04","WHI",4,"NY","C",9012017,44.39754,-73.89878,877,23,25,108,27,9696,216,-172,388,135,-94,145,-104,1229,133,72,16,365,238,363,250,14.0449910946557,27.6050253755708,29.8511784839926,0.279911029265042,6.38522666717116
"297","WHI_05","WHI",5,"NY","C",9012017,44.3988,-73.8951,852,21,25,108,27,9696,216,-172,388,135,-94,145,-104,1229,133,72,16,365,238,363,250,26.4062922523637,32.9100320172089,28.2599519143448,0.600281663912025,3.28380050303898
"298","WHI_07","WHI",7,"NY","C",9012017,44.37091,-73.90691,1208,16.2,11,101,26,9678,196,-183,379,121,-107,131,-118,1412,147,86,14,406,282,405,297,27.6044581314371,35.5644266667273,30.7120297734898,2.7500936144243,9.39105409795964
"299","WHI_12","WHI",12,"NY","C",9012017,44.39975,-73.85603,573,44,46,117,29,9829,245,-156,401,157,-74,168,-86,995,114,57,19,307,184,305,193,31.1840973736304,32.1040325349759,26.0206928171018,3.07533248526581,3.80935717063507
"300","XBM_02","XBM",2,"PA","M",10042017,40.73345,-77.75672,552,4.1,83,108,30,8833,266,-91,357,174,-35,193,-35,1048,112,67,15,316,210,303,210,32.8664001387255,24.960700223717,32.0335370388967,2.47457613186807,11.0857557283957
"301","XBM_03","XBM",3,"PA","M",10042017,40.73457,-77.75919,561,1.6,83,108,30,8838,267,-91,358,174,-35,193,-35,1045,112,67,15,315,209,303,209,18.2011438937253,25.643427338382,31.1401664688812,2.55422706609621,7.97055112451496
"302","XBM_04","XBM",4,"PA","M",10042017,40.73425,-77.75865,556,5.4,83,108,30,8838,267,-91,358,174,-35,193,-35,1045,112,67,15,315,209,303,209,27.8383687084649,22.7387046806241,33.495279803922,0.673864166438713,12.8459209954177
"303","XBM_05","XBM",5,"PA","M",10042017,40.73351,-77.75858,555,3.2,83,108,30,8838,267,-91,358,174,-35,193,-35,1045,112,67,15,315,209,303,209,42.1609584727826,34.3238462893254,33.1928949712491,6.12046403217615,4.0851921445407
"304","XBM_06","XBM",6,"PA","M",10042017,40.73287,-77.75868,553,3.8,84,108,30,8833,266,-90,356,174,-35,194,-35,1045,112,67,15,315,209,303,209,37.6122667099481,22.168662757139,32.9998120331066,6.08978825972351,9.40493421121134
"305","XBM_07","XBM",7,"PA","M",10042017,40.73135,-77.7608,566,8.3,84,108,30,8833,266,-90,356,174,-35,194,-35,1045,112,67,15,315,209,303,209,26.6735343107003,21.9859041435879,33.9066309671346,2.60434661533632,8.62140263321941
"306","XCS_01","XCS",1,"WV","E",9262017,39.53417,-79.48211,777,12.9,81,120,34,8241,255,-94,349,164,94,182,-31,1245,127,84,13,362,271,354,277,25.2620951551124,31.7924236451868,29.6716382608582,1.35479265641209,4.01866948828118
"307","XCS_03","XCS",3,"WV","E",9262017,39.53408,-79.4812,776,6.4,81,120,34,8241,255,-94,349,164,94,182,-31,1245,127,84,13,362,271,354,277,27.1607662716521,31.1144335906428,25.3610941887813,2.77566071957808,4.85165561698607
"308","XCV_01","XCV",1,"WV","E",10062017,39.09184,-79.44985,1141,37.9,70,116,34,7967,237,-102,339,151,-38,167,-38,1373,132,97,10,387,311,377,311,24.538119228683,26.9776198250953,25.9473530231511,2.10578090903158,4.51171304812172
"309","XCV_02","XCV",2,"WV","E",10062017,39.08964,-79.45225,1129,11.8,71,117,34,7964,239,-101,340,152,-37,169,-37,1364,131,96,10,385,309,374,309,11.2942554891107,27.5483760348195,29.6055196153932,4.298181532705,1.47608776234157
"310","XCV_03","XCV",3,"WV","E",10062017,39.08574,-79.4577,1123,30.6,71,117,34,7964,239,-101,340,152,-37,169,-37,1364,131,96,10,385,309,374,309,40.179009711847,32.3464851563516,28.4632402360069,4.12036555898022,2.68621017921417
"311","XCV_04","XCV",4,"WV","E",10062017,39.08291,-79.46288,1130,9.5,71,116,34,7944,238,-101,339,151,-37,168,-37,1370,131,97,10,386,311,375,311,32.2985896314756,30.69843207938,28.9316178424328,2.40732556413436,6.88902285372389
"312","XCV_05","XCV",5,"WV","E",10062017,39.07191,-79.47373,1113,7.3,72,116,34,7970,239,-101,340,152,-36,169,-36,1365,131,96,10,385,310,374,310,29.3758689620786,31.0201991690098,28.2549128557544,2.60201131474963,2.03876074390938
"313","XDS_01","XDS",1,"WV","E",10062017,38.97031,-79.34267,1201,20.7,70,114,33,7953,236,-101,337,151,-38,167,-38,1324,126,93,9,371,294,361,294,20.4899738478964,23.0835007960647,27.2313849033013,1.55401678253784,7.25690664941089
"314","XDS_02","XDS",2,"WV","E",10062017,38.97128,-79.34201,1191,42.3,70,114,33,7953,236,-101,337,151,-38,167,-38,1324,126,93,9,371,294,361,294,23.1626138734044,30.4638202917614,27.0151342793567,2.51298420398114,5.7181220770886
"315","XDS_03","XDS",3,"WV","E",10062017,38.97446,-79.33907,1203,10.5,69,113,33,7942,234,-102,336,150,-39,166,-39,1334,127,94,9,374,296,363,296,22.6378229090014,31.9702371209229,31.8420081606283,3.27656282403254,2.80569804403803
"316","XDS_04","XDS",4,"WV","E",10062017,38.98078,-79.33386,1213,34.1,69,114,33,7937,234,-102,336,149,-39,166,-39,1334,127,94,9,374,296,363,296,22.041490579301,35.4689903065368,29.8136201448839,1.02216489184115,4.3076578563679
"317","XDS_05","XDS",5,"WV","E",10062017,39.00473,-79.32766,1224,36,68,113,33,7951,233,-104,337,148,-40,165,-40,1343,128,94,9,377,298,366,298,22.6562055029653,21.4369400669774,27.6050715184355,4.45443555818462,4.93825667060756
"318","XDS_06","XDS",6,"WV","E",10062017,39.04542,-79.31111,1210,36.6,68,113,33,7958,233,-103,336,148,-40,165,-40,1343,128,94,9,377,298,366,298,26.4155774771542,29.2095912782457,27.404056729586,1.92194387765846,1.62997983314951
"319","XFS_01","XFS",1,"MD","E",9252017,39.70285,-78.93856,825,15.3,76,116,33,8387,250,-100,350,161,-38,179,-38,1109,110,74,12,321,233,311,233,17.562273568365,22.9300254699644,26.6020869172859,1.77885789838875,2.71469902889809
"320","XFS_02","XFS",2,"MD","E",9252017,39.70614,-78.93826,827,25.8,76,116,33,8387,250,-100,350,161,-38,179,-38,1109,110,74,12,321,233,311,233,22.1744375023882,34.4259089459198,26.8293553256022,2.71023739096554,6.64456258125395
"321","XFS_03","XFS",3,"MD","E",9252017,39.70361,-78.94185,820,11.3,76,116,33,8392,251,-100,351,161,-38,180,-38,1108,110,74,12,321,233,311,233,30.1931229931626,25.9026117361267,30.2820376177049,1.36674771354762,2.98965289157182
"322","XGL_02","XGL",2,"MD","E",9222017,39.50541,-79.27808,815,16.2,81,121,34,8235,255,-94,349,164,-30,182,-30,1171,119,79,13,341,254,332,254,32.1621082873887,31.8751095537498,29.8797660891295,1.07565200288696,3.3882723187573
"323","XGL_03","XGL",3,"MD","E",9222017,39.56346,-79.27938,815,13.1,78,119,34,8277,252,-98,350,161,-34,180,-34,1189,120,80,13,345,259,336,259,NA,28.9764522438018,NA,3.98536805919947,4.67438942771677
"324","XGL_04","XGL",4,"MD","E",9222017,39.56291,-79.28023,815,29,78,119,34,8277,252,-98,350,161,-34,180,-34,1189,120,80,13,345,259,336,259,NA,34.542081672286,NA,1.38642002750463,5.57970624189822
"325","XGL_05","XGL",5,"MD","E",9222017,39.56215,-79.27727,809,12.6,78,119,34,8277,252,-98,350,161,-34,180,-34,1189,120,80,13,345,259,336,259,NA,31.819161669103,NA,4.62819738118676,8.71830407202688
"326","XPK_01","XPK",1,"WV","E",10232017,38.56175,-79.49467,1340,14.6,69,110,33,7886,231,-101,332,149,-37,166,-37,1344,127,96,8,368,297,358,297,NA,30.9901784796618,NA,2.41082510178008,4.25058244999802
"327","XPK_02","XPK",2,"WV","E",10232017,38.56417,-79.49506,1364,46,69,110,33,7886,231,-101,332,149,-37,166,-37,1344,127,96,8,368,297,358,297,NA,31.7124019351722,NA,3.23342175317882,3.16781219300444
"328","XPK_03","XPK",3,"WV","E",10232017,38.57069,-79.49226,1309,32.5,68,109,33,7872,228,-102,330,148,-39,164,-39,1363,129,98,8,373,303,362,303,NA,34.1368066273973,NA,3.35306684573448,4.09887301921938
"329","XPK_04","XPK",4,"WV","E",10232017,38.56457,-79.49476,1360,31.4,69,110,33,7886,231,-101,332,149,-37,166,-37,1344,127,96,8,368,297,358,297,NA,30.715888867049,NA,1.40052535180075,5.42942883232435
"330","XSK_01","XSK",1,"WV","E",10052017,38.93676,-79.68698,1127,53.5,72,114,33,7947,236,-100,336,153,-36,169,-36,1408,137,100,9,395,321,386,321,NA,31.0487944574035,NA,0.155262058356277,3.30655341347552
"331","XSK_02","XSK",2,"WV","E",10052017,38.93525,-79.68056,1101,49.7,80,119,35,7940,246,-93,339,160,-28,177,-28,1334,132,93,11,380,300,373,300,NA,23.6506686466258,NA,1.03132486299781,4.99972651520961
"332","XSK_05","XSK",5,"WV","E",10052017,38.94198,-79.66622,919,22.9,79,119,35,7947,246,-94,340,160,-28,177,-28,1336,132,93,10,380,301,373,301,NA,28.1829993778887,NA,1.0498929474836,3.34099801387009
"333","XWS_03","XWS",3,"MD","E",9262017,39.66348,-79.09103,787,12.3,76,117,33,8378,250,-100,350,160,-37,179,-37,1136,114,76,13,329,241,320,241,NA,31.5709230272613,NA,4.44981734818808,4.88512883546332
"334","XWS_05","XWS",5,"MD","E",9262017,39.65982,-79.09377,788,5.1,77,118,33,8350,251,-99,350,161,-36,180,-36,1125,113,75,13,326,239,317,239,NA,30.6318833498182,NA,3.53304285562742,3.63910889862979
"335","XWS_06","XWS",6,"MD","E",9262017,39.65987,-79.09471,788,8,77,118,33,8350,251,-99,350,161,-36,180,-36,1125,113,75,13,326,239,317,239,NA,28.756119901973,NA,4.57693848998733,7.85764162271049
"336","YRB_01","YRB",1,"PA","M",9142017,40.96188,-75.62789,493,16.8,77,113,31,8788,260,-101,361,166,-29,187,-40,1213,120,77,13,347,249,337,254,NA,29.4498780018193,NA,0.952311563092151,6.85147548074644
"337","YRB_02","YRB",2,"PA","M",9142017,40.96226,-75.62781,489,8.1,77,113,31,8788,260,-101,361,166,-29,187,-40,1213,120,77,13,347,249,337,254,NA,31.060000861625,NA,2.1106251759904,3.98220265237284
"338","YRB_03","YRB",3,"PA","M",9142017,40.96158,-75.6273,490,34.5,77,113,31,8788,260,-101,361,166,-29,187,-40,1213,120,77,13,347,249,337,254,NA,31.6205923675614,NA,6.11923887952417,5.99207223363275
"339","YRB_04","YRB",4,"PA","M",9142017,40.96133,-75.62632,490,26.2,77,113,31,8788,260,-101,361,166,-29,187,-40,1213,120,77,13,347,249,337,254,NA,31.692328636663,NA,3.83913211807458,7.44158111520574
"340","YRB_05","YRB",5,"PA","M",9142017,40.96169,-75.62583,493,28,77,113,31,8788,260,-101,361,166,-29,187,-40,1213,120,77,13,347,249,337,254,NA,25.5412852447969,NA,1.413110188528,5.86123506772636
